	name	sequence	sequence_rc
0	plate_1_PS4_row_1_PS2_F1F	CAAGTGTTCGGATGGGATTCTTTAGGTCCTGCAAGTGTTCCTTGACTGAGCGACTGAGG	CCTCAGTCGCTCAGTCAAGGAACACTTGCAGGACCTAAAGAATCCCATCCGAACACTTG
1	plate_1_PS2_row_1_PS4_F1F	CAAGTGTTCCTTGACTGAGCGACTGAGGCAAGTGTTCGGATGGGATTCTTTAGGTCCTG	CAGGACCTAAAGAATCCCATCCGAACACTTGCCTCAGTCGCTCAGTCAAGGAACACTTG
2	plate_1_PS4_row_2_PS2_F1F	CAAGTGTTCGGATGGGATTCTTTAGGTCCTGAGGACATTCCTTGACTGAGCGACTGAGG	CCTCAGTCGCTCAGTCAAGGAATGTCCTCAGGACCTAAAGAATCCCATCCGAACACTTG
3	plate_1_PS2_row_2_PS4_F1F	CAAGTGTTCCTTGACTGAGCGACTGAGGAGGACATTCGGATGGGATTCTTTAGGTCCTG	CAGGACCTAAAGAATCCCATCCGAATGTCCTCCTCAGTCGCTCAGTCAAGGAACACTTG
4	plate_1_PS4_row_3_PS2_F1F	CAAGTGTTCGGATGGGATTCTTTAGGTCCTGCACTAATGGCTTGACTGAGCGACTGAGG	CCTCAGTCGCTCAGTCAAGCCATTAGTGCAGGACCTAAAGAATCCCATCCGAACACTTG
5	plate_1_PS2_row_3_PS4_F1F	CAAGTGTTCCTTGACTGAGCGACTGAGGCACTAATGGGGATGGGATTCTTTAGGTCCTG	CAGGACCTAAAGAATCCCATCCCCATTAGTGCCTCAGTCGCTCAGTCAAGGAACACTTG
6	plate_1_PS4_row_4_PS2_F1F	CAAGTGTTCGGATGGGATTCTTTAGGTCCTGAGCCTGATGCTTGACTGAGCGACTGAGG	CCTCAGTCGCTCAGTCAAGCATCAGGCTCAGGACCTAAAGAATCCCATCCGAACACTTG
7	plate_1_PS2_row_4_PS4_F1F	CAAGTGTTCCTTGACTGAGCGACTGAGGAGCCTGATGGGATGGGATTCTTTAGGTCCTG	CAGGACCTAAAGAATCCCATCCCATCAGGCTCCTCAGTCGCTCAGTCAAGGAACACTTG
8	plate_1_PS4_row_5_PS2_F1F	CAAGTGTTCGGATGGGATTCTTTAGGTCCTGTTACGCTAACTTGACTGAGCGACTGAGG	CCTCAGTCGCTCAGTCAAGTTAGCGTAACAGGACCTAAAGAATCCCATCCGAACACTTG
9	plate_1_PS2_row_5_PS4_F1F	CAAGTGTTCCTTGACTGAGCGACTGAGGTTACGCTAAGGATGGGATTCTTTAGGTCCTG	CAGGACCTAAAGAATCCCATCCTTAGCGTAACCTCAGTCGCTCAGTCAAGGAACACTTG
10	plate_1_PS4_row_6_PS2_F1F	CAAGTGTTCGGATGGGATTCTTTAGGTCCTGACTCTCCGTCTTGACTGAGCGACTGAGG	CCTCAGTCGCTCAGTCAAGACGGAGAGTCAGGACCTAAAGAATCCCATCCGAACACTTG
11	plate_1_PS2_row_6_PS4_F1F	CAAGTGTTCCTTGACTGAGCGACTGAGGACTCTCCGTGGATGGGATTCTTTAGGTCCTG	CAGGACCTAAAGAATCCCATCCACGGAGAGTCCTCAGTCGCTCAGTCAAGGAACACTTG
12	plate_1_PS4_row_7_PS2_F1F	CAAGTGTTCGGATGGGATTCTTTAGGTCCTGGTCGATGCACTTGACTGAGCGACTGAGG	CCTCAGTCGCTCAGTCAAGTGCATCGACCAGGACCTAAAGAATCCCATCCGAACACTTG
13	plate_1_PS2_row_7_PS4_F1F	CAAGTGTTCCTTGACTGAGCGACTGAGGGTCGATGCAGGATGGGATTCTTTAGGTCCTG	CAGGACCTAAAGAATCCCATCCTGCATCGACCCTCAGTCGCTCAGTCAAGGAACACTTG
14	plate_1_PS4_row_8_PS2_F1F	CAAGTGTTCGGATGGGATTCTTTAGGTCCTGACGGGAATTCTTGACTGAGCGACTGAGG	CCTCAGTCGCTCAGTCAAGAATTCCCGTCAGGACCTAAAGAATCCCATCCGAACACTTG
15	plate_1_PS2_row_8_PS4_F1F	CAAGTGTTCCTTGACTGAGCGACTGAGGACGGGAATTGGATGGGATTCTTTAGGTCCTG	CAGGACCTAAAGAATCCCATCCAATTCCCGTCCTCAGTCGCTCAGTCAAGGAACACTTG
16	plate_1_PS4_row_9_PS2_F1F	CAAGTGTTCGGATGGGATTCTTTAGGTCCTGCGCGCCCAGCTTGACTGAGCGACTGAGG	CCTCAGTCGCTCAGTCAAGCTGGGCGCGCAGGACCTAAAGAATCCCATCCGAACACTTG
17	plate_1_PS2_row_9_PS4_F1F	CAAGTGTTCCTTGACTGAGCGACTGAGGCGCGCCCAGGGATGGGATTCTTTAGGTCCTG	CAGGACCTAAAGAATCCCATCCCTGGGCGCGCCTCAGTCGCTCAGTCAAGGAACACTTG
18	plate_1_PS4_row_10_PS2_F1F	CAAGTGTTCGGATGGGATTCTTTAGGTCCTGACTAGTTTGCTTGACTGAGCGACTGAGG	CCTCAGTCGCTCAGTCAAGCAAACTAGTCAGGACCTAAAGAATCCCATCCGAACACTTG
19	plate_1_PS2_row_10_PS4_F1F	CAAGTGTTCCTTGACTGAGCGACTGAGGACTAGTTTGGGATGGGATTCTTTAGGTCCTG	CAGGACCTAAAGAATCCCATCCCAAACTAGTCCTCAGTCGCTCAGTCAAGGAACACTTG
20	plate_1_PS4_row_11_PS2_F1F	CAAGTGTTCGGATGGGATTCTTTAGGTCCTGAGTATTACACTTGACTGAGCGACTGAGG	CCTCAGTCGCTCAGTCAAGTGTAATACTCAGGACCTAAAGAATCCCATCCGAACACTTG
21	plate_1_PS2_row_11_PS4_F1F	CAAGTGTTCCTTGACTGAGCGACTGAGGAGTATTACAGGATGGGATTCTTTAGGTCCTG	CAGGACCTAAAGAATCCCATCCTGTAATACTCCTCAGTCGCTCAGTCAAGGAACACTTG
22	plate_1_PS4_row_12_PS2_F1F	CAAGTGTTCGGATGGGATTCTTTAGGTCCTGAGGTTGGGTCTTGACTGAGCGACTGAGG	CCTCAGTCGCTCAGTCAAGACCCAACCTCAGGACCTAAAGAATCCCATCCGAACACTTG
23	plate_1_PS2_row_12_PS4_F1F	CAAGTGTTCCTTGACTGAGCGACTGAGGAGGTTGGGTGGATGGGATTCTTTAGGTCCTG	CAGGACCTAAAGAATCCCATCCACCCAACCTCCTCAGTCGCTCAGTCAAGGAACACTTG
24	plate_1_PS4_row_13_PS2_F1F	CAAGTGTTCGGATGGGATTCTTTAGGTCCTGGTGAACCGACTTGACTGAGCGACTGAGG	CCTCAGTCGCTCAGTCAAGTCGGTTCACCAGGACCTAAAGAATCCCATCCGAACACTTG
25	plate_1_PS2_row_13_PS4_F1F	CAAGTGTTCCTTGACTGAGCGACTGAGGGTGAACCGAGGATGGGATTCTTTAGGTCCTG	CAGGACCTAAAGAATCCCATCCTCGGTTCACCCTCAGTCGCTCAGTCAAGGAACACTTG
26	plate_1_PS4_row_14_PS2_F1F	CAAGTGTTCGGATGGGATTCTTTAGGTCCTGGCACAAAACCTTGACTGAGCGACTGAGG	CCTCAGTCGCTCAGTCAAGGTTTTGTGCCAGGACCTAAAGAATCCCATCCGAACACTTG
27	plate_1_PS2_row_14_PS4_F1F	CAAGTGTTCCTTGACTGAGCGACTGAGGGCACAAAACGGATGGGATTCTTTAGGTCCTG	CAGGACCTAAAGAATCCCATCCGTTTTGTGCCCTCAGTCGCTCAGTCAAGGAACACTTG
28	plate_9_PS4_row_1_PS2_F1F	CGCGCCCAGGGATGGGATTCTTTAGGTCCTGCAAGTGTTCCTTGACTGAGCGACTGAGG	CCTCAGTCGCTCAGTCAAGGAACACTTGCAGGACCTAAAGAATCCCATCCCTGGGCGCG
29	plate_9_PS2_row_1_PS4_F1F	CGCGCCCAGCTTGACTGAGCGACTGAGGCAAGTGTTCGGATGGGATTCTTTAGGTCCTG	CAGGACCTAAAGAATCCCATCCGAACACTTGCCTCAGTCGCTCAGTCAAGCTGGGCGCG
30	plate_9_PS4_row_2_PS2_F1F	CGCGCCCAGGGATGGGATTCTTTAGGTCCTGAGGACATTCCTTGACTGAGCGACTGAGG	CCTCAGTCGCTCAGTCAAGGAATGTCCTCAGGACCTAAAGAATCCCATCCCTGGGCGCG
31	plate_9_PS2_row_2_PS4_F1F	CGCGCCCAGCTTGACTGAGCGACTGAGGAGGACATTCGGATGGGATTCTTTAGGTCCTG	CAGGACCTAAAGAATCCCATCCGAATGTCCTCCTCAGTCGCTCAGTCAAGCTGGGCGCG
32	plate_9_PS4_row_3_PS2_F1F	CGCGCCCAGGGATGGGATTCTTTAGGTCCTGCACTAATGGCTTGACTGAGCGACTGAGG	CCTCAGTCGCTCAGTCAAGCCATTAGTGCAGGACCTAAAGAATCCCATCCCTGGGCGCG
33	plate_9_PS2_row_3_PS4_F1F	CGCGCCCAGCTTGACTGAGCGACTGAGGCACTAATGGGGATGGGATTCTTTAGGTCCTG	CAGGACCTAAAGAATCCCATCCCCATTAGTGCCTCAGTCGCTCAGTCAAGCTGGGCGCG
34	plate_9_PS4_row_4_PS2_F1F	CGCGCCCAGGGATGGGATTCTTTAGGTCCTGAGCCTGATGCTTGACTGAGCGACTGAGG	CCTCAGTCGCTCAGTCAAGCATCAGGCTCAGGACCTAAAGAATCCCATCCCTGGGCGCG
35	plate_9_PS2_row_4_PS4_F1F	CGCGCCCAGCTTGACTGAGCGACTGAGGAGCCTGATGGGATGGGATTCTTTAGGTCCTG	CAGGACCTAAAGAATCCCATCCCATCAGGCTCCTCAGTCGCTCAGTCAAGCTGGGCGCG
36	plate_9_PS4_row_5_PS2_F1F	CGCGCCCAGGGATGGGATTCTTTAGGTCCTGTTACGCTAACTTGACTGAGCGACTGAGG	CCTCAGTCGCTCAGTCAAGTTAGCGTAACAGGACCTAAAGAATCCCATCCCTGGGCGCG
37	plate_9_PS2_row_5_PS4_F1F	CGCGCCCAGCTTGACTGAGCGACTGAGGTTACGCTAAGGATGGGATTCTTTAGGTCCTG	CAGGACCTAAAGAATCCCATCCTTAGCGTAACCTCAGTCGCTCAGTCAAGCTGGGCGCG
38	plate_9_PS4_row_6_PS2_F1F	CGCGCCCAGGGATGGGATTCTTTAGGTCCTGACTCTCCGTCTTGACTGAGCGACTGAGG	CCTCAGTCGCTCAGTCAAGACGGAGAGTCAGGACCTAAAGAATCCCATCCCTGGGCGCG
39	plate_9_PS2_row_6_PS4_F1F	CGCGCCCAGCTTGACTGAGCGACTGAGGACTCTCCGTGGATGGGATTCTTTAGGTCCTG	CAGGACCTAAAGAATCCCATCCACGGAGAGTCCTCAGTCGCTCAGTCAAGCTGGGCGCG
40	plate_9_PS4_row_7_PS2_F1F	CGCGCCCAGGGATGGGATTCTTTAGGTCCTGGTCGATGCACTTGACTGAGCGACTGAGG	CCTCAGTCGCTCAGTCAAGTGCATCGACCAGGACCTAAAGAATCCCATCCCTGGGCGCG
41	plate_9_PS2_row_7_PS4_F1F	CGCGCCCAGCTTGACTGAGCGACTGAGGGTCGATGCAGGATGGGATTCTTTAGGTCCTG	CAGGACCTAAAGAATCCCATCCTGCATCGACCCTCAGTCGCTCAGTCAAGCTGGGCGCG
42	plate_9_PS4_row_8_PS2_F1F	CGCGCCCAGGGATGGGATTCTTTAGGTCCTGACGGGAATTCTTGACTGAGCGACTGAGG	CCTCAGTCGCTCAGTCAAGAATTCCCGTCAGGACCTAAAGAATCCCATCCCTGGGCGCG
43	plate_9_PS2_row_8_PS4_F1F	CGCGCCCAGCTTGACTGAGCGACTGAGGACGGGAATTGGATGGGATTCTTTAGGTCCTG	CAGGACCTAAAGAATCCCATCCAATTCCCGTCCTCAGTCGCTCAGTCAAGCTGGGCGCG
44	plate_9_PS4_row_9_PS2_F1F	CGCGCCCAGGGATGGGATTCTTTAGGTCCTGCGCGCCCAGCTTGACTGAGCGACTGAGG	CCTCAGTCGCTCAGTCAAGCTGGGCGCGCAGGACCTAAAGAATCCCATCCCTGGGCGCG
45	plate_9_PS2_row_9_PS4_F1F	CGCGCCCAGCTTGACTGAGCGACTGAGGCGCGCCCAGGGATGGGATTCTTTAGGTCCTG	CAGGACCTAAAGAATCCCATCCCTGGGCGCGCCTCAGTCGCTCAGTCAAGCTGGGCGCG
46	plate_9_PS4_row_10_PS2_F1F	CGCGCCCAGGGATGGGATTCTTTAGGTCCTGACTAGTTTGCTTGACTGAGCGACTGAGG	CCTCAGTCGCTCAGTCAAGCAAACTAGTCAGGACCTAAAGAATCCCATCCCTGGGCGCG
47	plate_9_PS2_row_10_PS4_F1F	CGCGCCCAGCTTGACTGAGCGACTGAGGACTAGTTTGGGATGGGATTCTTTAGGTCCTG	CAGGACCTAAAGAATCCCATCCCAAACTAGTCCTCAGTCGCTCAGTCAAGCTGGGCGCG
48	plate_9_PS4_row_11_PS2_F1F	CGCGCCCAGGGATGGGATTCTTTAGGTCCTGAGTATTACACTTGACTGAGCGACTGAGG	CCTCAGTCGCTCAGTCAAGTGTAATACTCAGGACCTAAAGAATCCCATCCCTGGGCGCG
49	plate_9_PS2_row_11_PS4_F1F	CGCGCCCAGCTTGACTGAGCGACTGAGGAGTATTACAGGATGGGATTCTTTAGGTCCTG	CAGGACCTAAAGAATCCCATCCTGTAATACTCCTCAGTCGCTCAGTCAAGCTGGGCGCG
50	plate_9_PS4_row_12_PS2_F1F	CGCGCCCAGGGATGGGATTCTTTAGGTCCTGAGGTTGGGTCTTGACTGAGCGACTGAGG	CCTCAGTCGCTCAGTCAAGACCCAACCTCAGGACCTAAAGAATCCCATCCCTGGGCGCG
51	plate_9_PS2_row_12_PS4_F1F	CGCGCCCAGCTTGACTGAGCGACTGAGGAGGTTGGGTGGATGGGATTCTTTAGGTCCTG	CAGGACCTAAAGAATCCCATCCACCCAACCTCCTCAGTCGCTCAGTCAAGCTGGGCGCG
52	plate_9_PS4_row_13_PS2_F1F	CGCGCCCAGGGATGGGATTCTTTAGGTCCTGGTGAACCGACTTGACTGAGCGACTGAGG	CCTCAGTCGCTCAGTCAAGTCGGTTCACCAGGACCTAAAGAATCCCATCCCTGGGCGCG
53	plate_9_PS2_row_13_PS4_F1F	CGCGCCCAGCTTGACTGAGCGACTGAGGGTGAACCGAGGATGGGATTCTTTAGGTCCTG	CAGGACCTAAAGAATCCCATCCTCGGTTCACCCTCAGTCGCTCAGTCAAGCTGGGCGCG
54	plate_9_PS4_row_14_PS2_F1F	CGCGCCCAGGGATGGGATTCTTTAGGTCCTGGCACAAAACCTTGACTGAGCGACTGAGG	CCTCAGTCGCTCAGTCAAGGTTTTGTGCCAGGACCTAAAGAATCCCATCCCTGGGCGCG
55	plate_9_PS2_row_14_PS4_F1F	CGCGCCCAGCTTGACTGAGCGACTGAGGGCACAAAACGGATGGGATTCTTTAGGTCCTG	CAGGACCTAAAGAATCCCATCCGTTTTGTGCCCTCAGTCGCTCAGTCAAGCTGGGCGCG
56	plate_13_PS4_row_1_PS2_F1F	GTGAACCGAGGATGGGATTCTTTAGGTCCTGCAAGTGTTCCTTGACTGAGCGACTGAGG	CCTCAGTCGCTCAGTCAAGGAACACTTGCAGGACCTAAAGAATCCCATCCTCGGTTCAC
57	plate_13_PS2_row_1_PS4_F1F	GTGAACCGACTTGACTGAGCGACTGAGGCAAGTGTTCGGATGGGATTCTTTAGGTCCTG	CAGGACCTAAAGAATCCCATCCGAACACTTGCCTCAGTCGCTCAGTCAAGTCGGTTCAC
58	plate_13_PS4_row_2_PS2_F1F	GTGAACCGAGGATGGGATTCTTTAGGTCCTGAGGACATTCCTTGACTGAGCGACTGAGG	CCTCAGTCGCTCAGTCAAGGAATGTCCTCAGGACCTAAAGAATCCCATCCTCGGTTCAC
59	plate_13_PS2_row_2_PS4_F1F	GTGAACCGACTTGACTGAGCGACTGAGGAGGACATTCGGATGGGATTCTTTAGGTCCTG	CAGGACCTAAAGAATCCCATCCGAATGTCCTCCTCAGTCGCTCAGTCAAGTCGGTTCAC
60	plate_13_PS4_row_3_PS2_F1F	GTGAACCGAGGATGGGATTCTTTAGGTCCTGCACTAATGGCTTGACTGAGCGACTGAGG	CCTCAGTCGCTCAGTCAAGCCATTAGTGCAGGACCTAAAGAATCCCATCCTCGGTTCAC
61	plate_13_PS2_row_3_PS4_F1F	GTGAACCGACTTGACTGAGCGACTGAGGCACTAATGGGGATGGGATTCTTTAGGTCCTG	CAGGACCTAAAGAATCCCATCCCCATTAGTGCCTCAGTCGCTCAGTCAAGTCGGTTCAC
62	plate_13_PS4_row_4_PS2_F1F	GTGAACCGAGGATGGGATTCTTTAGGTCCTGAGCCTGATGCTTGACTGAGCGACTGAGG	CCTCAGTCGCTCAGTCAAGCATCAGGCTCAGGACCTAAAGAATCCCATCCTCGGTTCAC
63	plate_13_PS2_row_4_PS4_F1F	GTGAACCGACTTGACTGAGCGACTGAGGAGCCTGATGGGATGGGATTCTTTAGGTCCTG	CAGGACCTAAAGAATCCCATCCCATCAGGCTCCTCAGTCGCTCAGTCAAGTCGGTTCAC
64	plate_13_PS4_row_5_PS2_F1F	GTGAACCGAGGATGGGATTCTTTAGGTCCTGTTACGCTAACTTGACTGAGCGACTGAGG	CCTCAGTCGCTCAGTCAAGTTAGCGTAACAGGACCTAAAGAATCCCATCCTCGGTTCAC
65	plate_13_PS2_row_5_PS4_F1F	GTGAACCGACTTGACTGAGCGACTGAGGTTACGCTAAGGATGGGATTCTTTAGGTCCTG	CAGGACCTAAAGAATCCCATCCTTAGCGTAACCTCAGTCGCTCAGTCAAGTCGGTTCAC
66	plate_13_PS4_row_6_PS2_F1F	GTGAACCGAGGATGGGATTCTTTAGGTCCTGACTCTCCGTCTTGACTGAGCGACTGAGG	CCTCAGTCGCTCAGTCAAGACGGAGAGTCAGGACCTAAAGAATCCCATCCTCGGTTCAC
67	plate_13_PS2_row_6_PS4_F1F	GTGAACCGACTTGACTGAGCGACTGAGGACTCTCCGTGGATGGGATTCTTTAGGTCCTG	CAGGACCTAAAGAATCCCATCCACGGAGAGTCCTCAGTCGCTCAGTCAAGTCGGTTCAC
68	plate_13_PS4_row_7_PS2_F1F	GTGAACCGAGGATGGGATTCTTTAGGTCCTGGTCGATGCACTTGACTGAGCGACTGAGG	CCTCAGTCGCTCAGTCAAGTGCATCGACCAGGACCTAAAGAATCCCATCCTCGGTTCAC
69	plate_13_PS2_row_7_PS4_F1F	GTGAACCGACTTGACTGAGCGACTGAGGGTCGATGCAGGATGGGATTCTTTAGGTCCTG	CAGGACCTAAAGAATCCCATCCTGCATCGACCCTCAGTCGCTCAGTCAAGTCGGTTCAC
70	plate_13_PS4_row_8_PS2_F1F	GTGAACCGAGGATGGGATTCTTTAGGTCCTGACGGGAATTCTTGACTGAGCGACTGAGG	CCTCAGTCGCTCAGTCAAGAATTCCCGTCAGGACCTAAAGAATCCCATCCTCGGTTCAC
71	plate_13_PS2_row_8_PS4_F1F	GTGAACCGACTTGACTGAGCGACTGAGGACGGGAATTGGATGGGATTCTTTAGGTCCTG	CAGGACCTAAAGAATCCCATCCAATTCCCGTCCTCAGTCGCTCAGTCAAGTCGGTTCAC
72	plate_13_PS4_row_9_PS2_F1F	GTGAACCGAGGATGGGATTCTTTAGGTCCTGCGCGCCCAGCTTGACTGAGCGACTGAGG	CCTCAGTCGCTCAGTCAAGCTGGGCGCGCAGGACCTAAAGAATCCCATCCTCGGTTCAC
73	plate_13_PS2_row_9_PS4_F1F	GTGAACCGACTTGACTGAGCGACTGAGGCGCGCCCAGGGATGGGATTCTTTAGGTCCTG	CAGGACCTAAAGAATCCCATCCCTGGGCGCGCCTCAGTCGCTCAGTCAAGTCGGTTCAC
74	plate_13_PS4_row_10_PS2_F1F	GTGAACCGAGGATGGGATTCTTTAGGTCCTGACTAGTTTGCTTGACTGAGCGACTGAGG	CCTCAGTCGCTCAGTCAAGCAAACTAGTCAGGACCTAAAGAATCCCATCCTCGGTTCAC
75	plate_13_PS2_row_10_PS4_F1F	GTGAACCGACTTGACTGAGCGACTGAGGACTAGTTTGGGATGGGATTCTTTAGGTCCTG	CAGGACCTAAAGAATCCCATCCCAAACTAGTCCTCAGTCGCTCAGTCAAGTCGGTTCAC
76	plate_13_PS4_row_11_PS2_F1F	GTGAACCGAGGATGGGATTCTTTAGGTCCTGAGTATTACACTTGACTGAGCGACTGAGG	CCTCAGTCGCTCAGTCAAGTGTAATACTCAGGACCTAAAGAATCCCATCCTCGGTTCAC
77	plate_13_PS2_row_11_PS4_F1F	GTGAACCGACTTGACTGAGCGACTGAGGAGTATTACAGGATGGGATTCTTTAGGTCCTG	CAGGACCTAAAGAATCCCATCCTGTAATACTCCTCAGTCGCTCAGTCAAGTCGGTTCAC
78	plate_13_PS4_row_12_PS2_F1F	GTGAACCGAGGATGGGATTCTTTAGGTCCTGAGGTTGGGTCTTGACTGAGCGACTGAGG	CCTCAGTCGCTCAGTCAAGACCCAACCTCAGGACCTAAAGAATCCCATCCTCGGTTCAC
79	plate_13_PS2_row_12_PS4_F1F	GTGAACCGACTTGACTGAGCGACTGAGGAGGTTGGGTGGATGGGATTCTTTAGGTCCTG	CAGGACCTAAAGAATCCCATCCACCCAACCTCCTCAGTCGCTCAGTCAAGTCGGTTCAC
80	plate_13_PS4_row_13_PS2_F1F	GTGAACCGAGGATGGGATTCTTTAGGTCCTGGTGAACCGACTTGACTGAGCGACTGAGG	CCTCAGTCGCTCAGTCAAGTCGGTTCACCAGGACCTAAAGAATCCCATCCTCGGTTCAC
81	plate_13_PS2_row_13_PS4_F1F	GTGAACCGACTTGACTGAGCGACTGAGGGTGAACCGAGGATGGGATTCTTTAGGTCCTG	CAGGACCTAAAGAATCCCATCCTCGGTTCACCCTCAGTCGCTCAGTCAAGTCGGTTCAC
82	plate_13_PS4_row_14_PS2_F1F	GTGAACCGAGGATGGGATTCTTTAGGTCCTGGCACAAAACCTTGACTGAGCGACTGAGG	CCTCAGTCGCTCAGTCAAGGTTTTGTGCCAGGACCTAAAGAATCCCATCCTCGGTTCAC
83	plate_13_PS2_row_14_PS4_F1F	GTGAACCGACTTGACTGAGCGACTGAGGGCACAAAACGGATGGGATTCTTTAGGTCCTG	CAGGACCTAAAGAATCCCATCCGTTTTGTGCCCTCAGTCGCTCAGTCAAGTCGGTTCAC
84	plate_14_PS4_row_1_PS2_F1F	GCACAAAACGGATGGGATTCTTTAGGTCCTGCAAGTGTTCCTTGACTGAGCGACTGAGG	CCTCAGTCGCTCAGTCAAGGAACACTTGCAGGACCTAAAGAATCCCATCCGTTTTGTGC
85	plate_14_PS2_row_1_PS4_F1F	GCACAAAACCTTGACTGAGCGACTGAGGCAAGTGTTCGGATGGGATTCTTTAGGTCCTG	CAGGACCTAAAGAATCCCATCCGAACACTTGCCTCAGTCGCTCAGTCAAGGTTTTGTGC
86	plate_14_PS4_row_2_PS2_F1F	GCACAAAACGGATGGGATTCTTTAGGTCCTGAGGACATTCCTTGACTGAGCGACTGAGG	CCTCAGTCGCTCAGTCAAGGAATGTCCTCAGGACCTAAAGAATCCCATCCGTTTTGTGC
87	plate_14_PS2_row_2_PS4_F1F	GCACAAAACCTTGACTGAGCGACTGAGGAGGACATTCGGATGGGATTCTTTAGGTCCTG	CAGGACCTAAAGAATCCCATCCGAATGTCCTCCTCAGTCGCTCAGTCAAGGTTTTGTGC
88	plate_14_PS4_row_3_PS2_F1F	GCACAAAACGGATGGGATTCTTTAGGTCCTGCACTAATGGCTTGACTGAGCGACTGAGG	CCTCAGTCGCTCAGTCAAGCCATTAGTGCAGGACCTAAAGAATCCCATCCGTTTTGTGC
89	plate_14_PS2_row_3_PS4_F1F	GCACAAAACCTTGACTGAGCGACTGAGGCACTAATGGGGATGGGATTCTTTAGGTCCTG	CAGGACCTAAAGAATCCCATCCCCATTAGTGCCTCAGTCGCTCAGTCAAGGTTTTGTGC
90	plate_14_PS4_row_4_PS2_F1F	GCACAAAACGGATGGGATTCTTTAGGTCCTGAGCCTGATGCTTGACTGAGCGACTGAGG	CCTCAGTCGCTCAGTCAAGCATCAGGCTCAGGACCTAAAGAATCCCATCCGTTTTGTGC
91	plate_14_PS2_row_4_PS4_F1F	GCACAAAACCTTGACTGAGCGACTGAGGAGCCTGATGGGATGGGATTCTTTAGGTCCTG	CAGGACCTAAAGAATCCCATCCCATCAGGCTCCTCAGTCGCTCAGTCAAGGTTTTGTGC
92	plate_14_PS4_row_5_PS2_F1F	GCACAAAACGGATGGGATTCTTTAGGTCCTGTTACGCTAACTTGACTGAGCGACTGAGG	CCTCAGTCGCTCAGTCAAGTTAGCGTAACAGGACCTAAAGAATCCCATCCGTTTTGTGC
93	plate_14_PS2_row_5_PS4_F1F	GCACAAAACCTTGACTGAGCGACTGAGGTTACGCTAAGGATGGGATTCTTTAGGTCCTG	CAGGACCTAAAGAATCCCATCCTTAGCGTAACCTCAGTCGCTCAGTCAAGGTTTTGTGC
94	plate_14_PS4_row_6_PS2_F1F	GCACAAAACGGATGGGATTCTTTAGGTCCTGACTCTCCGTCTTGACTGAGCGACTGAGG	CCTCAGTCGCTCAGTCAAGACGGAGAGTCAGGACCTAAAGAATCCCATCCGTTTTGTGC
95	plate_14_PS2_row_6_PS4_F1F	GCACAAAACCTTGACTGAGCGACTGAGGACTCTCCGTGGATGGGATTCTTTAGGTCCTG	CAGGACCTAAAGAATCCCATCCACGGAGAGTCCTCAGTCGCTCAGTCAAGGTTTTGTGC
96	plate_14_PS4_row_7_PS2_F1F	GCACAAAACGGATGGGATTCTTTAGGTCCTGGTCGATGCACTTGACTGAGCGACTGAGG	CCTCAGTCGCTCAGTCAAGTGCATCGACCAGGACCTAAAGAATCCCATCCGTTTTGTGC
97	plate_14_PS2_row_7_PS4_F1F	GCACAAAACCTTGACTGAGCGACTGAGGGTCGATGCAGGATGGGATTCTTTAGGTCCTG	CAGGACCTAAAGAATCCCATCCTGCATCGACCCTCAGTCGCTCAGTCAAGGTTTTGTGC
98	plate_14_PS4_row_8_PS2_F1F	GCACAAAACGGATGGGATTCTTTAGGTCCTGACGGGAATTCTTGACTGAGCGACTGAGG	CCTCAGTCGCTCAGTCAAGAATTCCCGTCAGGACCTAAAGAATCCCATCCGTTTTGTGC
99	plate_14_PS2_row_8_PS4_F1F	GCACAAAACCTTGACTGAGCGACTGAGGACGGGAATTGGATGGGATTCTTTAGGTCCTG	CAGGACCTAAAGAATCCCATCCAATTCCCGTCCTCAGTCGCTCAGTCAAGGTTTTGTGC
100	plate_14_PS4_row_9_PS2_F1F	GCACAAAACGGATGGGATTCTTTAGGTCCTGCGCGCCCAGCTTGACTGAGCGACTGAGG	CCTCAGTCGCTCAGTCAAGCTGGGCGCGCAGGACCTAAAGAATCCCATCCGTTTTGTGC
101	plate_14_PS2_row_9_PS4_F1F	GCACAAAACCTTGACTGAGCGACTGAGGCGCGCCCAGGGATGGGATTCTTTAGGTCCTG	CAGGACCTAAAGAATCCCATCCCTGGGCGCGCCTCAGTCGCTCAGTCAAGGTTTTGTGC
102	plate_14_PS4_row_10_PS2_F1F	GCACAAAACGGATGGGATTCTTTAGGTCCTGACTAGTTTGCTTGACTGAGCGACTGAGG	CCTCAGTCGCTCAGTCAAGCAAACTAGTCAGGACCTAAAGAATCCCATCCGTTTTGTGC
103	plate_14_PS2_row_10_PS4_F1F	GCACAAAACCTTGACTGAGCGACTGAGGACTAGTTTGGGATGGGATTCTTTAGGTCCTG	CAGGACCTAAAGAATCCCATCCCAAACTAGTCCTCAGTCGCTCAGTCAAGGTTTTGTGC
104	plate_14_PS4_row_11_PS2_F1F	GCACAAAACGGATGGGATTCTTTAGGTCCTGAGTATTACACTTGACTGAGCGACTGAGG	CCTCAGTCGCTCAGTCAAGTGTAATACTCAGGACCTAAAGAATCCCATCCGTTTTGTGC
105	plate_14_PS2_row_11_PS4_F1F	GCACAAAACCTTGACTGAGCGACTGAGGAGTATTACAGGATGGGATTCTTTAGGTCCTG	CAGGACCTAAAGAATCCCATCCTGTAATACTCCTCAGTCGCTCAGTCAAGGTTTTGTGC
106	plate_14_PS4_row_12_PS2_F1F	GCACAAAACGGATGGGATTCTTTAGGTCCTGAGGTTGGGTCTTGACTGAGCGACTGAGG	CCTCAGTCGCTCAGTCAAGACCCAACCTCAGGACCTAAAGAATCCCATCCGTTTTGTGC
107	plate_14_PS2_row_12_PS4_F1F	GCACAAAACCTTGACTGAGCGACTGAGGAGGTTGGGTGGATGGGATTCTTTAGGTCCTG	CAGGACCTAAAGAATCCCATCCACCCAACCTCCTCAGTCGCTCAGTCAAGGTTTTGTGC
108	plate_14_PS4_row_13_PS2_F1F	GCACAAAACGGATGGGATTCTTTAGGTCCTGGTGAACCGACTTGACTGAGCGACTGAGG	CCTCAGTCGCTCAGTCAAGTCGGTTCACCAGGACCTAAAGAATCCCATCCGTTTTGTGC
109	plate_14_PS2_row_13_PS4_F1F	GCACAAAACCTTGACTGAGCGACTGAGGGTGAACCGAGGATGGGATTCTTTAGGTCCTG	CAGGACCTAAAGAATCCCATCCTCGGTTCACCCTCAGTCGCTCAGTCAAGGTTTTGTGC
110	plate_14_PS4_row_14_PS2_F1F	GCACAAAACGGATGGGATTCTTTAGGTCCTGGCACAAAACCTTGACTGAGCGACTGAGG	CCTCAGTCGCTCAGTCAAGGTTTTGTGCCAGGACCTAAAGAATCCCATCCGTTTTGTGC
111	plate_14_PS2_row_14_PS4_F1F	GCACAAAACCTTGACTGAGCGACTGAGGGCACAAAACGGATGGGATTCTTTAGGTCCTG	CAGGACCTAAAGAATCCCATCCGTTTTGTGCCCTCAGTCGCTCAGTCAAGGTTTTGTGC
112	plate_1_PS4_row_1_PS2_F2F	CAAGTGTTCGGATGGGATTCTTTAGGTCCTGCAAGTGTTCCTTGACTGAGCGACTGAGG	CCTCAGTCGCTCAGTCAAGGAACACTTGCAGGACCTAAAGAATCCCATCCGAACACTTG
113	plate_1_PS2_row_1_PS4_F2F	CAAGTGTTCCTTGACTGAGCGACTGAGGCAAGTGTTCGGATGGGATTCTTTAGGTCCTG	CAGGACCTAAAGAATCCCATCCGAACACTTGCCTCAGTCGCTCAGTCAAGGAACACTTG
114	plate_1_PS4_row_2_PS2_F2F	CAAGTGTTCGGATGGGATTCTTTAGGTCCTGAGGACATTCCTTGACTGAGCGACTGAGG	CCTCAGTCGCTCAGTCAAGGAATGTCCTCAGGACCTAAAGAATCCCATCCGAACACTTG
115	plate_1_PS2_row_2_PS4_F2F	CAAGTGTTCCTTGACTGAGCGACTGAGGAGGACATTCGGATGGGATTCTTTAGGTCCTG	CAGGACCTAAAGAATCCCATCCGAATGTCCTCCTCAGTCGCTCAGTCAAGGAACACTTG
116	plate_1_PS4_row_3_PS2_F2F	CAAGTGTTCGGATGGGATTCTTTAGGTCCTGCACTAATGGCTTGACTGAGCGACTGAGG	CCTCAGTCGCTCAGTCAAGCCATTAGTGCAGGACCTAAAGAATCCCATCCGAACACTTG
117	plate_1_PS2_row_3_PS4_F2F	CAAGTGTTCCTTGACTGAGCGACTGAGGCACTAATGGGGATGGGATTCTTTAGGTCCTG	CAGGACCTAAAGAATCCCATCCCCATTAGTGCCTCAGTCGCTCAGTCAAGGAACACTTG
118	plate_1_PS4_row_4_PS2_F2F	CAAGTGTTCGGATGGGATTCTTTAGGTCCTGAGCCTGATGCTTGACTGAGCGACTGAGG	CCTCAGTCGCTCAGTCAAGCATCAGGCTCAGGACCTAAAGAATCCCATCCGAACACTTG
119	plate_1_PS2_row_4_PS4_F2F	CAAGTGTTCCTTGACTGAGCGACTGAGGAGCCTGATGGGATGGGATTCTTTAGGTCCTG	CAGGACCTAAAGAATCCCATCCCATCAGGCTCCTCAGTCGCTCAGTCAAGGAACACTTG
120	plate_1_PS4_row_5_PS2_F2F	CAAGTGTTCGGATGGGATTCTTTAGGTCCTGTTACGCTAACTTGACTGAGCGACTGAGG	CCTCAGTCGCTCAGTCAAGTTAGCGTAACAGGACCTAAAGAATCCCATCCGAACACTTG
121	plate_1_PS2_row_5_PS4_F2F	CAAGTGTTCCTTGACTGAGCGACTGAGGTTACGCTAAGGATGGGATTCTTTAGGTCCTG	CAGGACCTAAAGAATCCCATCCTTAGCGTAACCTCAGTCGCTCAGTCAAGGAACACTTG
122	plate_1_PS4_row_6_PS2_F2F	CAAGTGTTCGGATGGGATTCTTTAGGTCCTGACTCTCCGTCTTGACTGAGCGACTGAGG	CCTCAGTCGCTCAGTCAAGACGGAGAGTCAGGACCTAAAGAATCCCATCCGAACACTTG
123	plate_1_PS2_row_6_PS4_F2F	CAAGTGTTCCTTGACTGAGCGACTGAGGACTCTCCGTGGATGGGATTCTTTAGGTCCTG	CAGGACCTAAAGAATCCCATCCACGGAGAGTCCTCAGTCGCTCAGTCAAGGAACACTTG
124	plate_1_PS4_row_7_PS2_F2F	CAAGTGTTCGGATGGGATTCTTTAGGTCCTGGTCGATGCACTTGACTGAGCGACTGAGG	CCTCAGTCGCTCAGTCAAGTGCATCGACCAGGACCTAAAGAATCCCATCCGAACACTTG
125	plate_1_PS2_row_7_PS4_F2F	CAAGTGTTCCTTGACTGAGCGACTGAGGGTCGATGCAGGATGGGATTCTTTAGGTCCTG	CAGGACCTAAAGAATCCCATCCTGCATCGACCCTCAGTCGCTCAGTCAAGGAACACTTG
126	plate_1_PS4_row_8_PS2_F2F	CAAGTGTTCGGATGGGATTCTTTAGGTCCTGACGGGAATTCTTGACTGAGCGACTGAGG	CCTCAGTCGCTCAGTCAAGAATTCCCGTCAGGACCTAAAGAATCCCATCCGAACACTTG
127	plate_1_PS2_row_8_PS4_F2F	CAAGTGTTCCTTGACTGAGCGACTGAGGACGGGAATTGGATGGGATTCTTTAGGTCCTG	CAGGACCTAAAGAATCCCATCCAATTCCCGTCCTCAGTCGCTCAGTCAAGGAACACTTG
128	plate_1_PS4_row_9_PS2_F2F	CAAGTGTTCGGATGGGATTCTTTAGGTCCTGCGCGCCCAGCTTGACTGAGCGACTGAGG	CCTCAGTCGCTCAGTCAAGCTGGGCGCGCAGGACCTAAAGAATCCCATCCGAACACTTG
129	plate_1_PS2_row_9_PS4_F2F	CAAGTGTTCCTTGACTGAGCGACTGAGGCGCGCCCAGGGATGGGATTCTTTAGGTCCTG	CAGGACCTAAAGAATCCCATCCCTGGGCGCGCCTCAGTCGCTCAGTCAAGGAACACTTG
130	plate_1_PS4_row_10_PS2_F2F	CAAGTGTTCGGATGGGATTCTTTAGGTCCTGACTAGTTTGCTTGACTGAGCGACTGAGG	CCTCAGTCGCTCAGTCAAGCAAACTAGTCAGGACCTAAAGAATCCCATCCGAACACTTG
131	plate_1_PS2_row_10_PS4_F2F	CAAGTGTTCCTTGACTGAGCGACTGAGGACTAGTTTGGGATGGGATTCTTTAGGTCCTG	CAGGACCTAAAGAATCCCATCCCAAACTAGTCCTCAGTCGCTCAGTCAAGGAACACTTG
132	plate_1_PS4_row_11_PS2_F2F	CAAGTGTTCGGATGGGATTCTTTAGGTCCTGAGTATTACACTTGACTGAGCGACTGAGG	CCTCAGTCGCTCAGTCAAGTGTAATACTCAGGACCTAAAGAATCCCATCCGAACACTTG
133	plate_1_PS2_row_11_PS4_F2F	CAAGTGTTCCTTGACTGAGCGACTGAGGAGTATTACAGGATGGGATTCTTTAGGTCCTG	CAGGACCTAAAGAATCCCATCCTGTAATACTCCTCAGTCGCTCAGTCAAGGAACACTTG
134	plate_1_PS4_row_12_PS2_F2F	CAAGTGTTCGGATGGGATTCTTTAGGTCCTGAGGTTGGGTCTTGACTGAGCGACTGAGG	CCTCAGTCGCTCAGTCAAGACCCAACCTCAGGACCTAAAGAATCCCATCCGAACACTTG
135	plate_1_PS2_row_12_PS4_F2F	CAAGTGTTCCTTGACTGAGCGACTGAGGAGGTTGGGTGGATGGGATTCTTTAGGTCCTG	CAGGACCTAAAGAATCCCATCCACCCAACCTCCTCAGTCGCTCAGTCAAGGAACACTTG
136	plate_1_PS4_row_13_PS2_F2F	CAAGTGTTCGGATGGGATTCTTTAGGTCCTGGTGAACCGACTTGACTGAGCGACTGAGG	CCTCAGTCGCTCAGTCAAGTCGGTTCACCAGGACCTAAAGAATCCCATCCGAACACTTG
137	plate_1_PS2_row_13_PS4_F2F	CAAGTGTTCCTTGACTGAGCGACTGAGGGTGAACCGAGGATGGGATTCTTTAGGTCCTG	CAGGACCTAAAGAATCCCATCCTCGGTTCACCCTCAGTCGCTCAGTCAAGGAACACTTG
138	plate_1_PS4_row_14_PS2_F2F	CAAGTGTTCGGATGGGATTCTTTAGGTCCTGGCACAAAACCTTGACTGAGCGACTGAGG	CCTCAGTCGCTCAGTCAAGGTTTTGTGCCAGGACCTAAAGAATCCCATCCGAACACTTG
139	plate_1_PS2_row_14_PS4_F2F	CAAGTGTTCCTTGACTGAGCGACTGAGGGCACAAAACGGATGGGATTCTTTAGGTCCTG	CAGGACCTAAAGAATCCCATCCGTTTTGTGCCCTCAGTCGCTCAGTCAAGGAACACTTG
140	plate_9_PS4_row_1_PS2_F2F	CGCGCCCAGGGATGGGATTCTTTAGGTCCTGCAAGTGTTCCTTGACTGAGCGACTGAGG	CCTCAGTCGCTCAGTCAAGGAACACTTGCAGGACCTAAAGAATCCCATCCCTGGGCGCG
141	plate_9_PS2_row_1_PS4_F2F	CGCGCCCAGCTTGACTGAGCGACTGAGGCAAGTGTTCGGATGGGATTCTTTAGGTCCTG	CAGGACCTAAAGAATCCCATCCGAACACTTGCCTCAGTCGCTCAGTCAAGCTGGGCGCG
142	plate_9_PS4_row_2_PS2_F2F	CGCGCCCAGGGATGGGATTCTTTAGGTCCTGAGGACATTCCTTGACTGAGCGACTGAGG	CCTCAGTCGCTCAGTCAAGGAATGTCCTCAGGACCTAAAGAATCCCATCCCTGGGCGCG
143	plate_9_PS2_row_2_PS4_F2F	CGCGCCCAGCTTGACTGAGCGACTGAGGAGGACATTCGGATGGGATTCTTTAGGTCCTG	CAGGACCTAAAGAATCCCATCCGAATGTCCTCCTCAGTCGCTCAGTCAAGCTGGGCGCG
144	plate_9_PS4_row_3_PS2_F2F	CGCGCCCAGGGATGGGATTCTTTAGGTCCTGCACTAATGGCTTGACTGAGCGACTGAGG	CCTCAGTCGCTCAGTCAAGCCATTAGTGCAGGACCTAAAGAATCCCATCCCTGGGCGCG
145	plate_9_PS2_row_3_PS4_F2F	CGCGCCCAGCTTGACTGAGCGACTGAGGCACTAATGGGGATGGGATTCTTTAGGTCCTG	CAGGACCTAAAGAATCCCATCCCCATTAGTGCCTCAGTCGCTCAGTCAAGCTGGGCGCG
146	plate_9_PS4_row_4_PS2_F2F	CGCGCCCAGGGATGGGATTCTTTAGGTCCTGAGCCTGATGCTTGACTGAGCGACTGAGG	CCTCAGTCGCTCAGTCAAGCATCAGGCTCAGGACCTAAAGAATCCCATCCCTGGGCGCG
147	plate_9_PS2_row_4_PS4_F2F	CGCGCCCAGCTTGACTGAGCGACTGAGGAGCCTGATGGGATGGGATTCTTTAGGTCCTG	CAGGACCTAAAGAATCCCATCCCATCAGGCTCCTCAGTCGCTCAGTCAAGCTGGGCGCG
148	plate_9_PS4_row_5_PS2_F2F	CGCGCCCAGGGATGGGATTCTTTAGGTCCTGTTACGCTAACTTGACTGAGCGACTGAGG	CCTCAGTCGCTCAGTCAAGTTAGCGTAACAGGACCTAAAGAATCCCATCCCTGGGCGCG
149	plate_9_PS2_row_5_PS4_F2F	CGCGCCCAGCTTGACTGAGCGACTGAGGTTACGCTAAGGATGGGATTCTTTAGGTCCTG	CAGGACCTAAAGAATCCCATCCTTAGCGTAACCTCAGTCGCTCAGTCAAGCTGGGCGCG
150	plate_9_PS4_row_6_PS2_F2F	CGCGCCCAGGGATGGGATTCTTTAGGTCCTGACTCTCCGTCTTGACTGAGCGACTGAGG	CCTCAGTCGCTCAGTCAAGACGGAGAGTCAGGACCTAAAGAATCCCATCCCTGGGCGCG
151	plate_9_PS2_row_6_PS4_F2F	CGCGCCCAGCTTGACTGAGCGACTGAGGACTCTCCGTGGATGGGATTCTTTAGGTCCTG	CAGGACCTAAAGAATCCCATCCACGGAGAGTCCTCAGTCGCTCAGTCAAGCTGGGCGCG
152	plate_9_PS4_row_7_PS2_F2F	CGCGCCCAGGGATGGGATTCTTTAGGTCCTGGTCGATGCACTTGACTGAGCGACTGAGG	CCTCAGTCGCTCAGTCAAGTGCATCGACCAGGACCTAAAGAATCCCATCCCTGGGCGCG
153	plate_9_PS2_row_7_PS4_F2F	CGCGCCCAGCTTGACTGAGCGACTGAGGGTCGATGCAGGATGGGATTCTTTAGGTCCTG	CAGGACCTAAAGAATCCCATCCTGCATCGACCCTCAGTCGCTCAGTCAAGCTGGGCGCG
154	plate_9_PS4_row_8_PS2_F2F	CGCGCCCAGGGATGGGATTCTTTAGGTCCTGACGGGAATTCTTGACTGAGCGACTGAGG	CCTCAGTCGCTCAGTCAAGAATTCCCGTCAGGACCTAAAGAATCCCATCCCTGGGCGCG
155	plate_9_PS2_row_8_PS4_F2F	CGCGCCCAGCTTGACTGAGCGACTGAGGACGGGAATTGGATGGGATTCTTTAGGTCCTG	CAGGACCTAAAGAATCCCATCCAATTCCCGTCCTCAGTCGCTCAGTCAAGCTGGGCGCG
156	plate_9_PS4_row_9_PS2_F2F	CGCGCCCAGGGATGGGATTCTTTAGGTCCTGCGCGCCCAGCTTGACTGAGCGACTGAGG	CCTCAGTCGCTCAGTCAAGCTGGGCGCGCAGGACCTAAAGAATCCCATCCCTGGGCGCG
157	plate_9_PS2_row_9_PS4_F2F	CGCGCCCAGCTTGACTGAGCGACTGAGGCGCGCCCAGGGATGGGATTCTTTAGGTCCTG	CAGGACCTAAAGAATCCCATCCCTGGGCGCGCCTCAGTCGCTCAGTCAAGCTGGGCGCG
158	plate_9_PS4_row_10_PS2_F2F	CGCGCCCAGGGATGGGATTCTTTAGGTCCTGACTAGTTTGCTTGACTGAGCGACTGAGG	CCTCAGTCGCTCAGTCAAGCAAACTAGTCAGGACCTAAAGAATCCCATCCCTGGGCGCG
159	plate_9_PS2_row_10_PS4_F2F	CGCGCCCAGCTTGACTGAGCGACTGAGGACTAGTTTGGGATGGGATTCTTTAGGTCCTG	CAGGACCTAAAGAATCCCATCCCAAACTAGTCCTCAGTCGCTCAGTCAAGCTGGGCGCG
160	plate_9_PS4_row_11_PS2_F2F	CGCGCCCAGGGATGGGATTCTTTAGGTCCTGAGTATTACACTTGACTGAGCGACTGAGG	CCTCAGTCGCTCAGTCAAGTGTAATACTCAGGACCTAAAGAATCCCATCCCTGGGCGCG
161	plate_9_PS2_row_11_PS4_F2F	CGCGCCCAGCTTGACTGAGCGACTGAGGAGTATTACAGGATGGGATTCTTTAGGTCCTG	CAGGACCTAAAGAATCCCATCCTGTAATACTCCTCAGTCGCTCAGTCAAGCTGGGCGCG
162	plate_9_PS4_row_12_PS2_F2F	CGCGCCCAGGGATGGGATTCTTTAGGTCCTGAGGTTGGGTCTTGACTGAGCGACTGAGG	CCTCAGTCGCTCAGTCAAGACCCAACCTCAGGACCTAAAGAATCCCATCCCTGGGCGCG
163	plate_9_PS2_row_12_PS4_F2F	CGCGCCCAGCTTGACTGAGCGACTGAGGAGGTTGGGTGGATGGGATTCTTTAGGTCCTG	CAGGACCTAAAGAATCCCATCCACCCAACCTCCTCAGTCGCTCAGTCAAGCTGGGCGCG
164	plate_9_PS4_row_13_PS2_F2F	CGCGCCCAGGGATGGGATTCTTTAGGTCCTGGTGAACCGACTTGACTGAGCGACTGAGG	CCTCAGTCGCTCAGTCAAGTCGGTTCACCAGGACCTAAAGAATCCCATCCCTGGGCGCG
165	plate_9_PS2_row_13_PS4_F2F	CGCGCCCAGCTTGACTGAGCGACTGAGGGTGAACCGAGGATGGGATTCTTTAGGTCCTG	CAGGACCTAAAGAATCCCATCCTCGGTTCACCCTCAGTCGCTCAGTCAAGCTGGGCGCG
166	plate_9_PS4_row_14_PS2_F2F	CGCGCCCAGGGATGGGATTCTTTAGGTCCTGGCACAAAACCTTGACTGAGCGACTGAGG	CCTCAGTCGCTCAGTCAAGGTTTTGTGCCAGGACCTAAAGAATCCCATCCCTGGGCGCG
167	plate_9_PS2_row_14_PS4_F2F	CGCGCCCAGCTTGACTGAGCGACTGAGGGCACAAAACGGATGGGATTCTTTAGGTCCTG	CAGGACCTAAAGAATCCCATCCGTTTTGTGCCCTCAGTCGCTCAGTCAAGCTGGGCGCG
168	plate_13_PS4_row_1_PS2_F2F	GTGAACCGAGGATGGGATTCTTTAGGTCCTGCAAGTGTTCCTTGACTGAGCGACTGAGG	CCTCAGTCGCTCAGTCAAGGAACACTTGCAGGACCTAAAGAATCCCATCCTCGGTTCAC
169	plate_13_PS2_row_1_PS4_F2F	GTGAACCGACTTGACTGAGCGACTGAGGCAAGTGTTCGGATGGGATTCTTTAGGTCCTG	CAGGACCTAAAGAATCCCATCCGAACACTTGCCTCAGTCGCTCAGTCAAGTCGGTTCAC
170	plate_13_PS4_row_2_PS2_F2F	GTGAACCGAGGATGGGATTCTTTAGGTCCTGAGGACATTCCTTGACTGAGCGACTGAGG	CCTCAGTCGCTCAGTCAAGGAATGTCCTCAGGACCTAAAGAATCCCATCCTCGGTTCAC
171	plate_13_PS2_row_2_PS4_F2F	GTGAACCGACTTGACTGAGCGACTGAGGAGGACATTCGGATGGGATTCTTTAGGTCCTG	CAGGACCTAAAGAATCCCATCCGAATGTCCTCCTCAGTCGCTCAGTCAAGTCGGTTCAC
172	plate_13_PS4_row_3_PS2_F2F	GTGAACCGAGGATGGGATTCTTTAGGTCCTGCACTAATGGCTTGACTGAGCGACTGAGG	CCTCAGTCGCTCAGTCAAGCCATTAGTGCAGGACCTAAAGAATCCCATCCTCGGTTCAC
173	plate_13_PS2_row_3_PS4_F2F	GTGAACCGACTTGACTGAGCGACTGAGGCACTAATGGGGATGGGATTCTTTAGGTCCTG	CAGGACCTAAAGAATCCCATCCCCATTAGTGCCTCAGTCGCTCAGTCAAGTCGGTTCAC
174	plate_13_PS4_row_4_PS2_F2F	GTGAACCGAGGATGGGATTCTTTAGGTCCTGAGCCTGATGCTTGACTGAGCGACTGAGG	CCTCAGTCGCTCAGTCAAGCATCAGGCTCAGGACCTAAAGAATCCCATCCTCGGTTCAC
175	plate_13_PS2_row_4_PS4_F2F	GTGAACCGACTTGACTGAGCGACTGAGGAGCCTGATGGGATGGGATTCTTTAGGTCCTG	CAGGACCTAAAGAATCCCATCCCATCAGGCTCCTCAGTCGCTCAGTCAAGTCGGTTCAC
176	plate_13_PS4_row_5_PS2_F2F	GTGAACCGAGGATGGGATTCTTTAGGTCCTGTTACGCTAACTTGACTGAGCGACTGAGG	CCTCAGTCGCTCAGTCAAGTTAGCGTAACAGGACCTAAAGAATCCCATCCTCGGTTCAC
177	plate_13_PS2_row_5_PS4_F2F	GTGAACCGACTTGACTGAGCGACTGAGGTTACGCTAAGGATGGGATTCTTTAGGTCCTG	CAGGACCTAAAGAATCCCATCCTTAGCGTAACCTCAGTCGCTCAGTCAAGTCGGTTCAC
178	plate_13_PS4_row_6_PS2_F2F	GTGAACCGAGGATGGGATTCTTTAGGTCCTGACTCTCCGTCTTGACTGAGCGACTGAGG	CCTCAGTCGCTCAGTCAAGACGGAGAGTCAGGACCTAAAGAATCCCATCCTCGGTTCAC
179	plate_13_PS2_row_6_PS4_F2F	GTGAACCGACTTGACTGAGCGACTGAGGACTCTCCGTGGATGGGATTCTTTAGGTCCTG	CAGGACCTAAAGAATCCCATCCACGGAGAGTCCTCAGTCGCTCAGTCAAGTCGGTTCAC
180	plate_13_PS4_row_7_PS2_F2F	GTGAACCGAGGATGGGATTCTTTAGGTCCTGGTCGATGCACTTGACTGAGCGACTGAGG	CCTCAGTCGCTCAGTCAAGTGCATCGACCAGGACCTAAAGAATCCCATCCTCGGTTCAC
181	plate_13_PS2_row_7_PS4_F2F	GTGAACCGACTTGACTGAGCGACTGAGGGTCGATGCAGGATGGGATTCTTTAGGTCCTG	CAGGACCTAAAGAATCCCATCCTGCATCGACCCTCAGTCGCTCAGTCAAGTCGGTTCAC
182	plate_13_PS4_row_8_PS2_F2F	GTGAACCGAGGATGGGATTCTTTAGGTCCTGACGGGAATTCTTGACTGAGCGACTGAGG	CCTCAGTCGCTCAGTCAAGAATTCCCGTCAGGACCTAAAGAATCCCATCCTCGGTTCAC
183	plate_13_PS2_row_8_PS4_F2F	GTGAACCGACTTGACTGAGCGACTGAGGACGGGAATTGGATGGGATTCTTTAGGTCCTG	CAGGACCTAAAGAATCCCATCCAATTCCCGTCCTCAGTCGCTCAGTCAAGTCGGTTCAC
184	plate_13_PS4_row_9_PS2_F2F	GTGAACCGAGGATGGGATTCTTTAGGTCCTGCGCGCCCAGCTTGACTGAGCGACTGAGG	CCTCAGTCGCTCAGTCAAGCTGGGCGCGCAGGACCTAAAGAATCCCATCCTCGGTTCAC
185	plate_13_PS2_row_9_PS4_F2F	GTGAACCGACTTGACTGAGCGACTGAGGCGCGCCCAGGGATGGGATTCTTTAGGTCCTG	CAGGACCTAAAGAATCCCATCCCTGGGCGCGCCTCAGTCGCTCAGTCAAGTCGGTTCAC
186	plate_13_PS4_row_10_PS2_F2F	GTGAACCGAGGATGGGATTCTTTAGGTCCTGACTAGTTTGCTTGACTGAGCGACTGAGG	CCTCAGTCGCTCAGTCAAGCAAACTAGTCAGGACCTAAAGAATCCCATCCTCGGTTCAC
187	plate_13_PS2_row_10_PS4_F2F	GTGAACCGACTTGACTGAGCGACTGAGGACTAGTTTGGGATGGGATTCTTTAGGTCCTG	CAGGACCTAAAGAATCCCATCCCAAACTAGTCCTCAGTCGCTCAGTCAAGTCGGTTCAC
188	plate_13_PS4_row_11_PS2_F2F	GTGAACCGAGGATGGGATTCTTTAGGTCCTGAGTATTACACTTGACTGAGCGACTGAGG	CCTCAGTCGCTCAGTCAAGTGTAATACTCAGGACCTAAAGAATCCCATCCTCGGTTCAC
189	plate_13_PS2_row_11_PS4_F2F	GTGAACCGACTTGACTGAGCGACTGAGGAGTATTACAGGATGGGATTCTTTAGGTCCTG	CAGGACCTAAAGAATCCCATCCTGTAATACTCCTCAGTCGCTCAGTCAAGTCGGTTCAC
190	plate_13_PS4_row_12_PS2_F2F	GTGAACCGAGGATGGGATTCTTTAGGTCCTGAGGTTGGGTCTTGACTGAGCGACTGAGG	CCTCAGTCGCTCAGTCAAGACCCAACCTCAGGACCTAAAGAATCCCATCCTCGGTTCAC
191	plate_13_PS2_row_12_PS4_F2F	GTGAACCGACTTGACTGAGCGACTGAGGAGGTTGGGTGGATGGGATTCTTTAGGTCCTG	CAGGACCTAAAGAATCCCATCCACCCAACCTCCTCAGTCGCTCAGTCAAGTCGGTTCAC
192	plate_13_PS4_row_13_PS2_F2F	GTGAACCGAGGATGGGATTCTTTAGGTCCTGGTGAACCGACTTGACTGAGCGACTGAGG	CCTCAGTCGCTCAGTCAAGTCGGTTCACCAGGACCTAAAGAATCCCATCCTCGGTTCAC
193	plate_13_PS2_row_13_PS4_F2F	GTGAACCGACTTGACTGAGCGACTGAGGGTGAACCGAGGATGGGATTCTTTAGGTCCTG	CAGGACCTAAAGAATCCCATCCTCGGTTCACCCTCAGTCGCTCAGTCAAGTCGGTTCAC
194	plate_13_PS4_row_14_PS2_F2F	GTGAACCGAGGATGGGATTCTTTAGGTCCTGGCACAAAACCTTGACTGAGCGACTGAGG	CCTCAGTCGCTCAGTCAAGGTTTTGTGCCAGGACCTAAAGAATCCCATCCTCGGTTCAC
195	plate_13_PS2_row_14_PS4_F2F	GTGAACCGACTTGACTGAGCGACTGAGGGCACAAAACGGATGGGATTCTTTAGGTCCTG	CAGGACCTAAAGAATCCCATCCGTTTTGTGCCCTCAGTCGCTCAGTCAAGTCGGTTCAC
196	plate_14_PS4_row_1_PS2_F2F	GCACAAAACGGATGGGATTCTTTAGGTCCTGCAAGTGTTCCTTGACTGAGCGACTGAGG	CCTCAGTCGCTCAGTCAAGGAACACTTGCAGGACCTAAAGAATCCCATCCGTTTTGTGC
197	plate_14_PS2_row_1_PS4_F2F	GCACAAAACCTTGACTGAGCGACTGAGGCAAGTGTTCGGATGGGATTCTTTAGGTCCTG	CAGGACCTAAAGAATCCCATCCGAACACTTGCCTCAGTCGCTCAGTCAAGGTTTTGTGC
198	plate_14_PS4_row_2_PS2_F2F	GCACAAAACGGATGGGATTCTTTAGGTCCTGAGGACATTCCTTGACTGAGCGACTGAGG	CCTCAGTCGCTCAGTCAAGGAATGTCCTCAGGACCTAAAGAATCCCATCCGTTTTGTGC
199	plate_14_PS2_row_2_PS4_F2F	GCACAAAACCTTGACTGAGCGACTGAGGAGGACATTCGGATGGGATTCTTTAGGTCCTG	CAGGACCTAAAGAATCCCATCCGAATGTCCTCCTCAGTCGCTCAGTCAAGGTTTTGTGC
200	plate_14_PS4_row_3_PS2_F2F	GCACAAAACGGATGGGATTCTTTAGGTCCTGCACTAATGGCTTGACTGAGCGACTGAGG	CCTCAGTCGCTCAGTCAAGCCATTAGTGCAGGACCTAAAGAATCCCATCCGTTTTGTGC
201	plate_14_PS2_row_3_PS4_F2F	GCACAAAACCTTGACTGAGCGACTGAGGCACTAATGGGGATGGGATTCTTTAGGTCCTG	CAGGACCTAAAGAATCCCATCCCCATTAGTGCCTCAGTCGCTCAGTCAAGGTTTTGTGC
202	plate_14_PS4_row_4_PS2_F2F	GCACAAAACGGATGGGATTCTTTAGGTCCTGAGCCTGATGCTTGACTGAGCGACTGAGG	CCTCAGTCGCTCAGTCAAGCATCAGGCTCAGGACCTAAAGAATCCCATCCGTTTTGTGC
203	plate_14_PS2_row_4_PS4_F2F	GCACAAAACCTTGACTGAGCGACTGAGGAGCCTGATGGGATGGGATTCTTTAGGTCCTG	CAGGACCTAAAGAATCCCATCCCATCAGGCTCCTCAGTCGCTCAGTCAAGGTTTTGTGC
204	plate_14_PS4_row_5_PS2_F2F	GCACAAAACGGATGGGATTCTTTAGGTCCTGTTACGCTAACTTGACTGAGCGACTGAGG	CCTCAGTCGCTCAGTCAAGTTAGCGTAACAGGACCTAAAGAATCCCATCCGTTTTGTGC
205	plate_14_PS2_row_5_PS4_F2F	GCACAAAACCTTGACTGAGCGACTGAGGTTACGCTAAGGATGGGATTCTTTAGGTCCTG	CAGGACCTAAAGAATCCCATCCTTAGCGTAACCTCAGTCGCTCAGTCAAGGTTTTGTGC
206	plate_14_PS4_row_6_PS2_F2F	GCACAAAACGGATGGGATTCTTTAGGTCCTGACTCTCCGTCTTGACTGAGCGACTGAGG	CCTCAGTCGCTCAGTCAAGACGGAGAGTCAGGACCTAAAGAATCCCATCCGTTTTGTGC
207	plate_14_PS2_row_6_PS4_F2F	GCACAAAACCTTGACTGAGCGACTGAGGACTCTCCGTGGATGGGATTCTTTAGGTCCTG	CAGGACCTAAAGAATCCCATCCACGGAGAGTCCTCAGTCGCTCAGTCAAGGTTTTGTGC
208	plate_14_PS4_row_7_PS2_F2F	GCACAAAACGGATGGGATTCTTTAGGTCCTGGTCGATGCACTTGACTGAGCGACTGAGG	CCTCAGTCGCTCAGTCAAGTGCATCGACCAGGACCTAAAGAATCCCATCCGTTTTGTGC
209	plate_14_PS2_row_7_PS4_F2F	GCACAAAACCTTGACTGAGCGACTGAGGGTCGATGCAGGATGGGATTCTTTAGGTCCTG	CAGGACCTAAAGAATCCCATCCTGCATCGACCCTCAGTCGCTCAGTCAAGGTTTTGTGC
210	plate_14_PS4_row_8_PS2_F2F	GCACAAAACGGATGGGATTCTTTAGGTCCTGACGGGAATTCTTGACTGAGCGACTGAGG	CCTCAGTCGCTCAGTCAAGAATTCCCGTCAGGACCTAAAGAATCCCATCCGTTTTGTGC
211	plate_14_PS2_row_8_PS4_F2F	GCACAAAACCTTGACTGAGCGACTGAGGACGGGAATTGGATGGGATTCTTTAGGTCCTG	CAGGACCTAAAGAATCCCATCCAATTCCCGTCCTCAGTCGCTCAGTCAAGGTTTTGTGC
212	plate_14_PS4_row_9_PS2_F2F	GCACAAAACGGATGGGATTCTTTAGGTCCTGCGCGCCCAGCTTGACTGAGCGACTGAGG	CCTCAGTCGCTCAGTCAAGCTGGGCGCGCAGGACCTAAAGAATCCCATCCGTTTTGTGC
213	plate_14_PS2_row_9_PS4_F2F	GCACAAAACCTTGACTGAGCGACTGAGGCGCGCCCAGGGATGGGATTCTTTAGGTCCTG	CAGGACCTAAAGAATCCCATCCCTGGGCGCGCCTCAGTCGCTCAGTCAAGGTTTTGTGC
214	plate_14_PS4_row_10_PS2_F2F	GCACAAAACGGATGGGATTCTTTAGGTCCTGACTAGTTTGCTTGACTGAGCGACTGAGG	CCTCAGTCGCTCAGTCAAGCAAACTAGTCAGGACCTAAAGAATCCCATCCGTTTTGTGC
215	plate_14_PS2_row_10_PS4_F2F	GCACAAAACCTTGACTGAGCGACTGAGGACTAGTTTGGGATGGGATTCTTTAGGTCCTG	CAGGACCTAAAGAATCCCATCCCAAACTAGTCCTCAGTCGCTCAGTCAAGGTTTTGTGC
216	plate_14_PS4_row_11_PS2_F2F	GCACAAAACGGATGGGATTCTTTAGGTCCTGAGTATTACACTTGACTGAGCGACTGAGG	CCTCAGTCGCTCAGTCAAGTGTAATACTCAGGACCTAAAGAATCCCATCCGTTTTGTGC
217	plate_14_PS2_row_11_PS4_F2F	GCACAAAACCTTGACTGAGCGACTGAGGAGTATTACAGGATGGGATTCTTTAGGTCCTG	CAGGACCTAAAGAATCCCATCCTGTAATACTCCTCAGTCGCTCAGTCAAGGTTTTGTGC
218	plate_14_PS4_row_12_PS2_F2F	GCACAAAACGGATGGGATTCTTTAGGTCCTGAGGTTGGGTCTTGACTGAGCGACTGAGG	CCTCAGTCGCTCAGTCAAGACCCAACCTCAGGACCTAAAGAATCCCATCCGTTTTGTGC
219	plate_14_PS2_row_12_PS4_F2F	GCACAAAACCTTGACTGAGCGACTGAGGAGGTTGGGTGGATGGGATTCTTTAGGTCCTG	CAGGACCTAAAGAATCCCATCCACCCAACCTCCTCAGTCGCTCAGTCAAGGTTTTGTGC
220	plate_14_PS4_row_13_PS2_F2F	GCACAAAACGGATGGGATTCTTTAGGTCCTGGTGAACCGACTTGACTGAGCGACTGAGG	CCTCAGTCGCTCAGTCAAGTCGGTTCACCAGGACCTAAAGAATCCCATCCGTTTTGTGC
221	plate_14_PS2_row_13_PS4_F2F	GCACAAAACCTTGACTGAGCGACTGAGGGTGAACCGAGGATGGGATTCTTTAGGTCCTG	CAGGACCTAAAGAATCCCATCCTCGGTTCACCCTCAGTCGCTCAGTCAAGGTTTTGTGC
222	plate_14_PS4_row_14_PS2_F2F	GCACAAAACGGATGGGATTCTTTAGGTCCTGGCACAAAACCTTGACTGAGCGACTGAGG	CCTCAGTCGCTCAGTCAAGGTTTTGTGCCAGGACCTAAAGAATCCCATCCGTTTTGTGC
223	plate_14_PS2_row_14_PS4_F2F	GCACAAAACCTTGACTGAGCGACTGAGGGCACAAAACGGATGGGATTCTTTAGGTCCTG	CAGGACCTAAAGAATCCCATCCGTTTTGTGCCCTCAGTCGCTCAGTCAAGGTTTTGTGC
224	plate_1_PS4_row_1_PS2_F3F	CAAGTGTTCGGATGGGATTCTTTAGGTCCTGCAAGTGTTCCTTGACTGAGCGACTGAGG	CCTCAGTCGCTCAGTCAAGGAACACTTGCAGGACCTAAAGAATCCCATCCGAACACTTG
225	plate_1_PS2_row_1_PS4_F3F	CAAGTGTTCCTTGACTGAGCGACTGAGGCAAGTGTTCGGATGGGATTCTTTAGGTCCTG	CAGGACCTAAAGAATCCCATCCGAACACTTGCCTCAGTCGCTCAGTCAAGGAACACTTG
226	plate_1_PS4_row_2_PS2_F3F	CAAGTGTTCGGATGGGATTCTTTAGGTCCTGAGGACATTCCTTGACTGAGCGACTGAGG	CCTCAGTCGCTCAGTCAAGGAATGTCCTCAGGACCTAAAGAATCCCATCCGAACACTTG
227	plate_1_PS2_row_2_PS4_F3F	CAAGTGTTCCTTGACTGAGCGACTGAGGAGGACATTCGGATGGGATTCTTTAGGTCCTG	CAGGACCTAAAGAATCCCATCCGAATGTCCTCCTCAGTCGCTCAGTCAAGGAACACTTG
228	plate_1_PS4_row_3_PS2_F3F	CAAGTGTTCGGATGGGATTCTTTAGGTCCTGCACTAATGGCTTGACTGAGCGACTGAGG	CCTCAGTCGCTCAGTCAAGCCATTAGTGCAGGACCTAAAGAATCCCATCCGAACACTTG
229	plate_1_PS2_row_3_PS4_F3F	CAAGTGTTCCTTGACTGAGCGACTGAGGCACTAATGGGGATGGGATTCTTTAGGTCCTG	CAGGACCTAAAGAATCCCATCCCCATTAGTGCCTCAGTCGCTCAGTCAAGGAACACTTG
230	plate_1_PS4_row_4_PS2_F3F	CAAGTGTTCGGATGGGATTCTTTAGGTCCTGAGCCTGATGCTTGACTGAGCGACTGAGG	CCTCAGTCGCTCAGTCAAGCATCAGGCTCAGGACCTAAAGAATCCCATCCGAACACTTG
231	plate_1_PS2_row_4_PS4_F3F	CAAGTGTTCCTTGACTGAGCGACTGAGGAGCCTGATGGGATGGGATTCTTTAGGTCCTG	CAGGACCTAAAGAATCCCATCCCATCAGGCTCCTCAGTCGCTCAGTCAAGGAACACTTG
232	plate_1_PS4_row_5_PS2_F3F	CAAGTGTTCGGATGGGATTCTTTAGGTCCTGTTACGCTAACTTGACTGAGCGACTGAGG	CCTCAGTCGCTCAGTCAAGTTAGCGTAACAGGACCTAAAGAATCCCATCCGAACACTTG
233	plate_1_PS2_row_5_PS4_F3F	CAAGTGTTCCTTGACTGAGCGACTGAGGTTACGCTAAGGATGGGATTCTTTAGGTCCTG	CAGGACCTAAAGAATCCCATCCTTAGCGTAACCTCAGTCGCTCAGTCAAGGAACACTTG
234	plate_1_PS4_row_6_PS2_F3F	CAAGTGTTCGGATGGGATTCTTTAGGTCCTGACTCTCCGTCTTGACTGAGCGACTGAGG	CCTCAGTCGCTCAGTCAAGACGGAGAGTCAGGACCTAAAGAATCCCATCCGAACACTTG
235	plate_1_PS2_row_6_PS4_F3F	CAAGTGTTCCTTGACTGAGCGACTGAGGACTCTCCGTGGATGGGATTCTTTAGGTCCTG	CAGGACCTAAAGAATCCCATCCACGGAGAGTCCTCAGTCGCTCAGTCAAGGAACACTTG
236	plate_1_PS4_row_7_PS2_F3F	CAAGTGTTCGGATGGGATTCTTTAGGTCCTGGTCGATGCACTTGACTGAGCGACTGAGG	CCTCAGTCGCTCAGTCAAGTGCATCGACCAGGACCTAAAGAATCCCATCCGAACACTTG
237	plate_1_PS2_row_7_PS4_F3F	CAAGTGTTCCTTGACTGAGCGACTGAGGGTCGATGCAGGATGGGATTCTTTAGGTCCTG	CAGGACCTAAAGAATCCCATCCTGCATCGACCCTCAGTCGCTCAGTCAAGGAACACTTG
238	plate_1_PS4_row_8_PS2_F3F	CAAGTGTTCGGATGGGATTCTTTAGGTCCTGACGGGAATTCTTGACTGAGCGACTGAGG	CCTCAGTCGCTCAGTCAAGAATTCCCGTCAGGACCTAAAGAATCCCATCCGAACACTTG
239	plate_1_PS2_row_8_PS4_F3F	CAAGTGTTCCTTGACTGAGCGACTGAGGACGGGAATTGGATGGGATTCTTTAGGTCCTG	CAGGACCTAAAGAATCCCATCCAATTCCCGTCCTCAGTCGCTCAGTCAAGGAACACTTG
240	plate_1_PS4_row_9_PS2_F3F	CAAGTGTTCGGATGGGATTCTTTAGGTCCTGCGCGCCCAGCTTGACTGAGCGACTGAGG	CCTCAGTCGCTCAGTCAAGCTGGGCGCGCAGGACCTAAAGAATCCCATCCGAACACTTG
241	plate_1_PS2_row_9_PS4_F3F	CAAGTGTTCCTTGACTGAGCGACTGAGGCGCGCCCAGGGATGGGATTCTTTAGGTCCTG	CAGGACCTAAAGAATCCCATCCCTGGGCGCGCCTCAGTCGCTCAGTCAAGGAACACTTG
242	plate_1_PS4_row_10_PS2_F3F	CAAGTGTTCGGATGGGATTCTTTAGGTCCTGACTAGTTTGCTTGACTGAGCGACTGAGG	CCTCAGTCGCTCAGTCAAGCAAACTAGTCAGGACCTAAAGAATCCCATCCGAACACTTG
243	plate_1_PS2_row_10_PS4_F3F	CAAGTGTTCCTTGACTGAGCGACTGAGGACTAGTTTGGGATGGGATTCTTTAGGTCCTG	CAGGACCTAAAGAATCCCATCCCAAACTAGTCCTCAGTCGCTCAGTCAAGGAACACTTG
244	plate_1_PS4_row_11_PS2_F3F	CAAGTGTTCGGATGGGATTCTTTAGGTCCTGAGTATTACACTTGACTGAGCGACTGAGG	CCTCAGTCGCTCAGTCAAGTGTAATACTCAGGACCTAAAGAATCCCATCCGAACACTTG
245	plate_1_PS2_row_11_PS4_F3F	CAAGTGTTCCTTGACTGAGCGACTGAGGAGTATTACAGGATGGGATTCTTTAGGTCCTG	CAGGACCTAAAGAATCCCATCCTGTAATACTCCTCAGTCGCTCAGTCAAGGAACACTTG
246	plate_1_PS4_row_12_PS2_F3F	CAAGTGTTCGGATGGGATTCTTTAGGTCCTGAGGTTGGGTCTTGACTGAGCGACTGAGG	CCTCAGTCGCTCAGTCAAGACCCAACCTCAGGACCTAAAGAATCCCATCCGAACACTTG
247	plate_1_PS2_row_12_PS4_F3F	CAAGTGTTCCTTGACTGAGCGACTGAGGAGGTTGGGTGGATGGGATTCTTTAGGTCCTG	CAGGACCTAAAGAATCCCATCCACCCAACCTCCTCAGTCGCTCAGTCAAGGAACACTTG
248	plate_1_PS4_row_13_PS2_F3F	CAAGTGTTCGGATGGGATTCTTTAGGTCCTGGTGAACCGACTTGACTGAGCGACTGAGG	CCTCAGTCGCTCAGTCAAGTCGGTTCACCAGGACCTAAAGAATCCCATCCGAACACTTG
249	plate_1_PS2_row_13_PS4_F3F	CAAGTGTTCCTTGACTGAGCGACTGAGGGTGAACCGAGGATGGGATTCTTTAGGTCCTG	CAGGACCTAAAGAATCCCATCCTCGGTTCACCCTCAGTCGCTCAGTCAAGGAACACTTG
250	plate_1_PS4_row_14_PS2_F3F	CAAGTGTTCGGATGGGATTCTTTAGGTCCTGGCACAAAACCTTGACTGAGCGACTGAGG	CCTCAGTCGCTCAGTCAAGGTTTTGTGCCAGGACCTAAAGAATCCCATCCGAACACTTG
251	plate_1_PS2_row_14_PS4_F3F	CAAGTGTTCCTTGACTGAGCGACTGAGGGCACAAAACGGATGGGATTCTTTAGGTCCTG	CAGGACCTAAAGAATCCCATCCGTTTTGTGCCCTCAGTCGCTCAGTCAAGGAACACTTG
252	plate_9_PS4_row_1_PS2_F3F	CGCGCCCAGGGATGGGATTCTTTAGGTCCTGCAAGTGTTCCTTGACTGAGCGACTGAGG	CCTCAGTCGCTCAGTCAAGGAACACTTGCAGGACCTAAAGAATCCCATCCCTGGGCGCG
253	plate_9_PS2_row_1_PS4_F3F	CGCGCCCAGCTTGACTGAGCGACTGAGGCAAGTGTTCGGATGGGATTCTTTAGGTCCTG	CAGGACCTAAAGAATCCCATCCGAACACTTGCCTCAGTCGCTCAGTCAAGCTGGGCGCG
254	plate_9_PS4_row_2_PS2_F3F	CGCGCCCAGGGATGGGATTCTTTAGGTCCTGAGGACATTCCTTGACTGAGCGACTGAGG	CCTCAGTCGCTCAGTCAAGGAATGTCCTCAGGACCTAAAGAATCCCATCCCTGGGCGCG
255	plate_9_PS2_row_2_PS4_F3F	CGCGCCCAGCTTGACTGAGCGACTGAGGAGGACATTCGGATGGGATTCTTTAGGTCCTG	CAGGACCTAAAGAATCCCATCCGAATGTCCTCCTCAGTCGCTCAGTCAAGCTGGGCGCG
256	plate_9_PS4_row_3_PS2_F3F	CGCGCCCAGGGATGGGATTCTTTAGGTCCTGCACTAATGGCTTGACTGAGCGACTGAGG	CCTCAGTCGCTCAGTCAAGCCATTAGTGCAGGACCTAAAGAATCCCATCCCTGGGCGCG
257	plate_9_PS2_row_3_PS4_F3F	CGCGCCCAGCTTGACTGAGCGACTGAGGCACTAATGGGGATGGGATTCTTTAGGTCCTG	CAGGACCTAAAGAATCCCATCCCCATTAGTGCCTCAGTCGCTCAGTCAAGCTGGGCGCG
258	plate_9_PS4_row_4_PS2_F3F	CGCGCCCAGGGATGGGATTCTTTAGGTCCTGAGCCTGATGCTTGACTGAGCGACTGAGG	CCTCAGTCGCTCAGTCAAGCATCAGGCTCAGGACCTAAAGAATCCCATCCCTGGGCGCG
259	plate_9_PS2_row_4_PS4_F3F	CGCGCCCAGCTTGACTGAGCGACTGAGGAGCCTGATGGGATGGGATTCTTTAGGTCCTG	CAGGACCTAAAGAATCCCATCCCATCAGGCTCCTCAGTCGCTCAGTCAAGCTGGGCGCG
260	plate_9_PS4_row_5_PS2_F3F	CGCGCCCAGGGATGGGATTCTTTAGGTCCTGTTACGCTAACTTGACTGAGCGACTGAGG	CCTCAGTCGCTCAGTCAAGTTAGCGTAACAGGACCTAAAGAATCCCATCCCTGGGCGCG
261	plate_9_PS2_row_5_PS4_F3F	CGCGCCCAGCTTGACTGAGCGACTGAGGTTACGCTAAGGATGGGATTCTTTAGGTCCTG	CAGGACCTAAAGAATCCCATCCTTAGCGTAACCTCAGTCGCTCAGTCAAGCTGGGCGCG
262	plate_9_PS4_row_6_PS2_F3F	CGCGCCCAGGGATGGGATTCTTTAGGTCCTGACTCTCCGTCTTGACTGAGCGACTGAGG	CCTCAGTCGCTCAGTCAAGACGGAGAGTCAGGACCTAAAGAATCCCATCCCTGGGCGCG
263	plate_9_PS2_row_6_PS4_F3F	CGCGCCCAGCTTGACTGAGCGACTGAGGACTCTCCGTGGATGGGATTCTTTAGGTCCTG	CAGGACCTAAAGAATCCCATCCACGGAGAGTCCTCAGTCGCTCAGTCAAGCTGGGCGCG
264	plate_9_PS4_row_7_PS2_F3F	CGCGCCCAGGGATGGGATTCTTTAGGTCCTGGTCGATGCACTTGACTGAGCGACTGAGG	CCTCAGTCGCTCAGTCAAGTGCATCGACCAGGACCTAAAGAATCCCATCCCTGGGCGCG
265	plate_9_PS2_row_7_PS4_F3F	CGCGCCCAGCTTGACTGAGCGACTGAGGGTCGATGCAGGATGGGATTCTTTAGGTCCTG	CAGGACCTAAAGAATCCCATCCTGCATCGACCCTCAGTCGCTCAGTCAAGCTGGGCGCG
266	plate_9_PS4_row_8_PS2_F3F	CGCGCCCAGGGATGGGATTCTTTAGGTCCTGACGGGAATTCTTGACTGAGCGACTGAGG	CCTCAGTCGCTCAGTCAAGAATTCCCGTCAGGACCTAAAGAATCCCATCCCTGGGCGCG
267	plate_9_PS2_row_8_PS4_F3F	CGCGCCCAGCTTGACTGAGCGACTGAGGACGGGAATTGGATGGGATTCTTTAGGTCCTG	CAGGACCTAAAGAATCCCATCCAATTCCCGTCCTCAGTCGCTCAGTCAAGCTGGGCGCG
268	plate_9_PS4_row_9_PS2_F3F	CGCGCCCAGGGATGGGATTCTTTAGGTCCTGCGCGCCCAGCTTGACTGAGCGACTGAGG	CCTCAGTCGCTCAGTCAAGCTGGGCGCGCAGGACCTAAAGAATCCCATCCCTGGGCGCG
269	plate_9_PS2_row_9_PS4_F3F	CGCGCCCAGCTTGACTGAGCGACTGAGGCGCGCCCAGGGATGGGATTCTTTAGGTCCTG	CAGGACCTAAAGAATCCCATCCCTGGGCGCGCCTCAGTCGCTCAGTCAAGCTGGGCGCG
270	plate_9_PS4_row_10_PS2_F3F	CGCGCCCAGGGATGGGATTCTTTAGGTCCTGACTAGTTTGCTTGACTGAGCGACTGAGG	CCTCAGTCGCTCAGTCAAGCAAACTAGTCAGGACCTAAAGAATCCCATCCCTGGGCGCG
271	plate_9_PS2_row_10_PS4_F3F	CGCGCCCAGCTTGACTGAGCGACTGAGGACTAGTTTGGGATGGGATTCTTTAGGTCCTG	CAGGACCTAAAGAATCCCATCCCAAACTAGTCCTCAGTCGCTCAGTCAAGCTGGGCGCG
272	plate_9_PS4_row_11_PS2_F3F	CGCGCCCAGGGATGGGATTCTTTAGGTCCTGAGTATTACACTTGACTGAGCGACTGAGG	CCTCAGTCGCTCAGTCAAGTGTAATACTCAGGACCTAAAGAATCCCATCCCTGGGCGCG
273	plate_9_PS2_row_11_PS4_F3F	CGCGCCCAGCTTGACTGAGCGACTGAGGAGTATTACAGGATGGGATTCTTTAGGTCCTG	CAGGACCTAAAGAATCCCATCCTGTAATACTCCTCAGTCGCTCAGTCAAGCTGGGCGCG
274	plate_9_PS4_row_12_PS2_F3F	CGCGCCCAGGGATGGGATTCTTTAGGTCCTGAGGTTGGGTCTTGACTGAGCGACTGAGG	CCTCAGTCGCTCAGTCAAGACCCAACCTCAGGACCTAAAGAATCCCATCCCTGGGCGCG
275	plate_9_PS2_row_12_PS4_F3F	CGCGCCCAGCTTGACTGAGCGACTGAGGAGGTTGGGTGGATGGGATTCTTTAGGTCCTG	CAGGACCTAAAGAATCCCATCCACCCAACCTCCTCAGTCGCTCAGTCAAGCTGGGCGCG
276	plate_9_PS4_row_13_PS2_F3F	CGCGCCCAGGGATGGGATTCTTTAGGTCCTGGTGAACCGACTTGACTGAGCGACTGAGG	CCTCAGTCGCTCAGTCAAGTCGGTTCACCAGGACCTAAAGAATCCCATCCCTGGGCGCG
277	plate_9_PS2_row_13_PS4_F3F	CGCGCCCAGCTTGACTGAGCGACTGAGGGTGAACCGAGGATGGGATTCTTTAGGTCCTG	CAGGACCTAAAGAATCCCATCCTCGGTTCACCCTCAGTCGCTCAGTCAAGCTGGGCGCG
278	plate_9_PS4_row_14_PS2_F3F	CGCGCCCAGGGATGGGATTCTTTAGGTCCTGGCACAAAACCTTGACTGAGCGACTGAGG	CCTCAGTCGCTCAGTCAAGGTTTTGTGCCAGGACCTAAAGAATCCCATCCCTGGGCGCG
279	plate_9_PS2_row_14_PS4_F3F	CGCGCCCAGCTTGACTGAGCGACTGAGGGCACAAAACGGATGGGATTCTTTAGGTCCTG	CAGGACCTAAAGAATCCCATCCGTTTTGTGCCCTCAGTCGCTCAGTCAAGCTGGGCGCG
280	plate_13_PS4_row_1_PS2_F3F	GTGAACCGAGGATGGGATTCTTTAGGTCCTGCAAGTGTTCCTTGACTGAGCGACTGAGG	CCTCAGTCGCTCAGTCAAGGAACACTTGCAGGACCTAAAGAATCCCATCCTCGGTTCAC
281	plate_13_PS2_row_1_PS4_F3F	GTGAACCGACTTGACTGAGCGACTGAGGCAAGTGTTCGGATGGGATTCTTTAGGTCCTG	CAGGACCTAAAGAATCCCATCCGAACACTTGCCTCAGTCGCTCAGTCAAGTCGGTTCAC
282	plate_13_PS4_row_2_PS2_F3F	GTGAACCGAGGATGGGATTCTTTAGGTCCTGAGGACATTCCTTGACTGAGCGACTGAGG	CCTCAGTCGCTCAGTCAAGGAATGTCCTCAGGACCTAAAGAATCCCATCCTCGGTTCAC
283	plate_13_PS2_row_2_PS4_F3F	GTGAACCGACTTGACTGAGCGACTGAGGAGGACATTCGGATGGGATTCTTTAGGTCCTG	CAGGACCTAAAGAATCCCATCCGAATGTCCTCCTCAGTCGCTCAGTCAAGTCGGTTCAC
284	plate_13_PS4_row_3_PS2_F3F	GTGAACCGAGGATGGGATTCTTTAGGTCCTGCACTAATGGCTTGACTGAGCGACTGAGG	CCTCAGTCGCTCAGTCAAGCCATTAGTGCAGGACCTAAAGAATCCCATCCTCGGTTCAC
285	plate_13_PS2_row_3_PS4_F3F	GTGAACCGACTTGACTGAGCGACTGAGGCACTAATGGGGATGGGATTCTTTAGGTCCTG	CAGGACCTAAAGAATCCCATCCCCATTAGTGCCTCAGTCGCTCAGTCAAGTCGGTTCAC
286	plate_13_PS4_row_4_PS2_F3F	GTGAACCGAGGATGGGATTCTTTAGGTCCTGAGCCTGATGCTTGACTGAGCGACTGAGG	CCTCAGTCGCTCAGTCAAGCATCAGGCTCAGGACCTAAAGAATCCCATCCTCGGTTCAC
287	plate_13_PS2_row_4_PS4_F3F	GTGAACCGACTTGACTGAGCGACTGAGGAGCCTGATGGGATGGGATTCTTTAGGTCCTG	CAGGACCTAAAGAATCCCATCCCATCAGGCTCCTCAGTCGCTCAGTCAAGTCGGTTCAC
288	plate_13_PS4_row_5_PS2_F3F	GTGAACCGAGGATGGGATTCTTTAGGTCCTGTTACGCTAACTTGACTGAGCGACTGAGG	CCTCAGTCGCTCAGTCAAGTTAGCGTAACAGGACCTAAAGAATCCCATCCTCGGTTCAC
289	plate_13_PS2_row_5_PS4_F3F	GTGAACCGACTTGACTGAGCGACTGAGGTTACGCTAAGGATGGGATTCTTTAGGTCCTG	CAGGACCTAAAGAATCCCATCCTTAGCGTAACCTCAGTCGCTCAGTCAAGTCGGTTCAC
290	plate_13_PS4_row_6_PS2_F3F	GTGAACCGAGGATGGGATTCTTTAGGTCCTGACTCTCCGTCTTGACTGAGCGACTGAGG	CCTCAGTCGCTCAGTCAAGACGGAGAGTCAGGACCTAAAGAATCCCATCCTCGGTTCAC
291	plate_13_PS2_row_6_PS4_F3F	GTGAACCGACTTGACTGAGCGACTGAGGACTCTCCGTGGATGGGATTCTTTAGGTCCTG	CAGGACCTAAAGAATCCCATCCACGGAGAGTCCTCAGTCGCTCAGTCAAGTCGGTTCAC
292	plate_13_PS4_row_7_PS2_F3F	GTGAACCGAGGATGGGATTCTTTAGGTCCTGGTCGATGCACTTGACTGAGCGACTGAGG	CCTCAGTCGCTCAGTCAAGTGCATCGACCAGGACCTAAAGAATCCCATCCTCGGTTCAC
293	plate_13_PS2_row_7_PS4_F3F	GTGAACCGACTTGACTGAGCGACTGAGGGTCGATGCAGGATGGGATTCTTTAGGTCCTG	CAGGACCTAAAGAATCCCATCCTGCATCGACCCTCAGTCGCTCAGTCAAGTCGGTTCAC
294	plate_13_PS4_row_8_PS2_F3F	GTGAACCGAGGATGGGATTCTTTAGGTCCTGACGGGAATTCTTGACTGAGCGACTGAGG	CCTCAGTCGCTCAGTCAAGAATTCCCGTCAGGACCTAAAGAATCCCATCCTCGGTTCAC
295	plate_13_PS2_row_8_PS4_F3F	GTGAACCGACTTGACTGAGCGACTGAGGACGGGAATTGGATGGGATTCTTTAGGTCCTG	CAGGACCTAAAGAATCCCATCCAATTCCCGTCCTCAGTCGCTCAGTCAAGTCGGTTCAC
296	plate_13_PS4_row_9_PS2_F3F	GTGAACCGAGGATGGGATTCTTTAGGTCCTGCGCGCCCAGCTTGACTGAGCGACTGAGG	CCTCAGTCGCTCAGTCAAGCTGGGCGCGCAGGACCTAAAGAATCCCATCCTCGGTTCAC
297	plate_13_PS2_row_9_PS4_F3F	GTGAACCGACTTGACTGAGCGACTGAGGCGCGCCCAGGGATGGGATTCTTTAGGTCCTG	CAGGACCTAAAGAATCCCATCCCTGGGCGCGCCTCAGTCGCTCAGTCAAGTCGGTTCAC
298	plate_13_PS4_row_10_PS2_F3F	GTGAACCGAGGATGGGATTCTTTAGGTCCTGACTAGTTTGCTTGACTGAGCGACTGAGG	CCTCAGTCGCTCAGTCAAGCAAACTAGTCAGGACCTAAAGAATCCCATCCTCGGTTCAC
299	plate_13_PS2_row_10_PS4_F3F	GTGAACCGACTTGACTGAGCGACTGAGGACTAGTTTGGGATGGGATTCTTTAGGTCCTG	CAGGACCTAAAGAATCCCATCCCAAACTAGTCCTCAGTCGCTCAGTCAAGTCGGTTCAC
300	plate_13_PS4_row_11_PS2_F3F	GTGAACCGAGGATGGGATTCTTTAGGTCCTGAGTATTACACTTGACTGAGCGACTGAGG	CCTCAGTCGCTCAGTCAAGTGTAATACTCAGGACCTAAAGAATCCCATCCTCGGTTCAC
301	plate_13_PS2_row_11_PS4_F3F	GTGAACCGACTTGACTGAGCGACTGAGGAGTATTACAGGATGGGATTCTTTAGGTCCTG	CAGGACCTAAAGAATCCCATCCTGTAATACTCCTCAGTCGCTCAGTCAAGTCGGTTCAC
302	plate_13_PS4_row_12_PS2_F3F	GTGAACCGAGGATGGGATTCTTTAGGTCCTGAGGTTGGGTCTTGACTGAGCGACTGAGG	CCTCAGTCGCTCAGTCAAGACCCAACCTCAGGACCTAAAGAATCCCATCCTCGGTTCAC
303	plate_13_PS2_row_12_PS4_F3F	GTGAACCGACTTGACTGAGCGACTGAGGAGGTTGGGTGGATGGGATTCTTTAGGTCCTG	CAGGACCTAAAGAATCCCATCCACCCAACCTCCTCAGTCGCTCAGTCAAGTCGGTTCAC
304	plate_13_PS4_row_13_PS2_F3F	GTGAACCGAGGATGGGATTCTTTAGGTCCTGGTGAACCGACTTGACTGAGCGACTGAGG	CCTCAGTCGCTCAGTCAAGTCGGTTCACCAGGACCTAAAGAATCCCATCCTCGGTTCAC
305	plate_13_PS2_row_13_PS4_F3F	GTGAACCGACTTGACTGAGCGACTGAGGGTGAACCGAGGATGGGATTCTTTAGGTCCTG	CAGGACCTAAAGAATCCCATCCTCGGTTCACCCTCAGTCGCTCAGTCAAGTCGGTTCAC
306	plate_13_PS4_row_14_PS2_F3F	GTGAACCGAGGATGGGATTCTTTAGGTCCTGGCACAAAACCTTGACTGAGCGACTGAGG	CCTCAGTCGCTCAGTCAAGGTTTTGTGCCAGGACCTAAAGAATCCCATCCTCGGTTCAC
307	plate_13_PS2_row_14_PS4_F3F	GTGAACCGACTTGACTGAGCGACTGAGGGCACAAAACGGATGGGATTCTTTAGGTCCTG	CAGGACCTAAAGAATCCCATCCGTTTTGTGCCCTCAGTCGCTCAGTCAAGTCGGTTCAC
308	plate_14_PS4_row_1_PS2_F3F	GCACAAAACGGATGGGATTCTTTAGGTCCTGCAAGTGTTCCTTGACTGAGCGACTGAGG	CCTCAGTCGCTCAGTCAAGGAACACTTGCAGGACCTAAAGAATCCCATCCGTTTTGTGC
309	plate_14_PS2_row_1_PS4_F3F	GCACAAAACCTTGACTGAGCGACTGAGGCAAGTGTTCGGATGGGATTCTTTAGGTCCTG	CAGGACCTAAAGAATCCCATCCGAACACTTGCCTCAGTCGCTCAGTCAAGGTTTTGTGC
310	plate_14_PS4_row_2_PS2_F3F	GCACAAAACGGATGGGATTCTTTAGGTCCTGAGGACATTCCTTGACTGAGCGACTGAGG	CCTCAGTCGCTCAGTCAAGGAATGTCCTCAGGACCTAAAGAATCCCATCCGTTTTGTGC
311	plate_14_PS2_row_2_PS4_F3F	GCACAAAACCTTGACTGAGCGACTGAGGAGGACATTCGGATGGGATTCTTTAGGTCCTG	CAGGACCTAAAGAATCCCATCCGAATGTCCTCCTCAGTCGCTCAGTCAAGGTTTTGTGC
312	plate_14_PS4_row_3_PS2_F3F	GCACAAAACGGATGGGATTCTTTAGGTCCTGCACTAATGGCTTGACTGAGCGACTGAGG	CCTCAGTCGCTCAGTCAAGCCATTAGTGCAGGACCTAAAGAATCCCATCCGTTTTGTGC
313	plate_14_PS2_row_3_PS4_F3F	GCACAAAACCTTGACTGAGCGACTGAGGCACTAATGGGGATGGGATTCTTTAGGTCCTG	CAGGACCTAAAGAATCCCATCCCCATTAGTGCCTCAGTCGCTCAGTCAAGGTTTTGTGC
314	plate_14_PS4_row_4_PS2_F3F	GCACAAAACGGATGGGATTCTTTAGGTCCTGAGCCTGATGCTTGACTGAGCGACTGAGG	CCTCAGTCGCTCAGTCAAGCATCAGGCTCAGGACCTAAAGAATCCCATCCGTTTTGTGC
315	plate_14_PS2_row_4_PS4_F3F	GCACAAAACCTTGACTGAGCGACTGAGGAGCCTGATGGGATGGGATTCTTTAGGTCCTG	CAGGACCTAAAGAATCCCATCCCATCAGGCTCCTCAGTCGCTCAGTCAAGGTTTTGTGC
316	plate_14_PS4_row_5_PS2_F3F	GCACAAAACGGATGGGATTCTTTAGGTCCTGTTACGCTAACTTGACTGAGCGACTGAGG	CCTCAGTCGCTCAGTCAAGTTAGCGTAACAGGACCTAAAGAATCCCATCCGTTTTGTGC
317	plate_14_PS2_row_5_PS4_F3F	GCACAAAACCTTGACTGAGCGACTGAGGTTACGCTAAGGATGGGATTCTTTAGGTCCTG	CAGGACCTAAAGAATCCCATCCTTAGCGTAACCTCAGTCGCTCAGTCAAGGTTTTGTGC
318	plate_14_PS4_row_6_PS2_F3F	GCACAAAACGGATGGGATTCTTTAGGTCCTGACTCTCCGTCTTGACTGAGCGACTGAGG	CCTCAGTCGCTCAGTCAAGACGGAGAGTCAGGACCTAAAGAATCCCATCCGTTTTGTGC
319	plate_14_PS2_row_6_PS4_F3F	GCACAAAACCTTGACTGAGCGACTGAGGACTCTCCGTGGATGGGATTCTTTAGGTCCTG	CAGGACCTAAAGAATCCCATCCACGGAGAGTCCTCAGTCGCTCAGTCAAGGTTTTGTGC
320	plate_14_PS4_row_7_PS2_F3F	GCACAAAACGGATGGGATTCTTTAGGTCCTGGTCGATGCACTTGACTGAGCGACTGAGG	CCTCAGTCGCTCAGTCAAGTGCATCGACCAGGACCTAAAGAATCCCATCCGTTTTGTGC
321	plate_14_PS2_row_7_PS4_F3F	GCACAAAACCTTGACTGAGCGACTGAGGGTCGATGCAGGATGGGATTCTTTAGGTCCTG	CAGGACCTAAAGAATCCCATCCTGCATCGACCCTCAGTCGCTCAGTCAAGGTTTTGTGC
322	plate_14_PS4_row_8_PS2_F3F	GCACAAAACGGATGGGATTCTTTAGGTCCTGACGGGAATTCTTGACTGAGCGACTGAGG	CCTCAGTCGCTCAGTCAAGAATTCCCGTCAGGACCTAAAGAATCCCATCCGTTTTGTGC
323	plate_14_PS2_row_8_PS4_F3F	GCACAAAACCTTGACTGAGCGACTGAGGACGGGAATTGGATGGGATTCTTTAGGTCCTG	CAGGACCTAAAGAATCCCATCCAATTCCCGTCCTCAGTCGCTCAGTCAAGGTTTTGTGC
324	plate_14_PS4_row_9_PS2_F3F	GCACAAAACGGATGGGATTCTTTAGGTCCTGCGCGCCCAGCTTGACTGAGCGACTGAGG	CCTCAGTCGCTCAGTCAAGCTGGGCGCGCAGGACCTAAAGAATCCCATCCGTTTTGTGC
325	plate_14_PS2_row_9_PS4_F3F	GCACAAAACCTTGACTGAGCGACTGAGGCGCGCCCAGGGATGGGATTCTTTAGGTCCTG	CAGGACCTAAAGAATCCCATCCCTGGGCGCGCCTCAGTCGCTCAGTCAAGGTTTTGTGC
326	plate_14_PS4_row_10_PS2_F3F	GCACAAAACGGATGGGATTCTTTAGGTCCTGACTAGTTTGCTTGACTGAGCGACTGAGG	CCTCAGTCGCTCAGTCAAGCAAACTAGTCAGGACCTAAAGAATCCCATCCGTTTTGTGC
327	plate_14_PS2_row_10_PS4_F3F	GCACAAAACCTTGACTGAGCGACTGAGGACTAGTTTGGGATGGGATTCTTTAGGTCCTG	CAGGACCTAAAGAATCCCATCCCAAACTAGTCCTCAGTCGCTCAGTCAAGGTTTTGTGC
328	plate_14_PS4_row_11_PS2_F3F	GCACAAAACGGATGGGATTCTTTAGGTCCTGAGTATTACACTTGACTGAGCGACTGAGG	CCTCAGTCGCTCAGTCAAGTGTAATACTCAGGACCTAAAGAATCCCATCCGTTTTGTGC
329	plate_14_PS2_row_11_PS4_F3F	GCACAAAACCTTGACTGAGCGACTGAGGAGTATTACAGGATGGGATTCTTTAGGTCCTG	CAGGACCTAAAGAATCCCATCCTGTAATACTCCTCAGTCGCTCAGTCAAGGTTTTGTGC
330	plate_14_PS4_row_12_PS2_F3F	GCACAAAACGGATGGGATTCTTTAGGTCCTGAGGTTGGGTCTTGACTGAGCGACTGAGG	CCTCAGTCGCTCAGTCAAGACCCAACCTCAGGACCTAAAGAATCCCATCCGTTTTGTGC
331	plate_14_PS2_row_12_PS4_F3F	GCACAAAACCTTGACTGAGCGACTGAGGAGGTTGGGTGGATGGGATTCTTTAGGTCCTG	CAGGACCTAAAGAATCCCATCCACCCAACCTCCTCAGTCGCTCAGTCAAGGTTTTGTGC
332	plate_14_PS4_row_13_PS2_F3F	GCACAAAACGGATGGGATTCTTTAGGTCCTGGTGAACCGACTTGACTGAGCGACTGAGG	CCTCAGTCGCTCAGTCAAGTCGGTTCACCAGGACCTAAAGAATCCCATCCGTTTTGTGC
333	plate_14_PS2_row_13_PS4_F3F	GCACAAAACCTTGACTGAGCGACTGAGGGTGAACCGAGGATGGGATTCTTTAGGTCCTG	CAGGACCTAAAGAATCCCATCCTCGGTTCACCCTCAGTCGCTCAGTCAAGGTTTTGTGC
334	plate_14_PS4_row_14_PS2_F3F	GCACAAAACGGATGGGATTCTTTAGGTCCTGGCACAAAACCTTGACTGAGCGACTGAGG	CCTCAGTCGCTCAGTCAAGGTTTTGTGCCAGGACCTAAAGAATCCCATCCGTTTTGTGC
335	plate_14_PS2_row_14_PS4_F3F	GCACAAAACCTTGACTGAGCGACTGAGGGCACAAAACGGATGGGATTCTTTAGGTCCTG	CAGGACCTAAAGAATCCCATCCGTTTTGTGCCCTCAGTCGCTCAGTCAAGGTTTTGTGC
