	name	sequence
0	plate_1_PS3_row_1_PS1_F1F	CAAGTGTTCTAACTTACGGAGTCGCTCTACGCAAGTGTTCCCATACGAGCACATTACGG
1	plate_1_PS1_row_1_PS3_F1F	CAAGTGTTCCCATACGAGCACATTACGGCAAGTGTTCTAACTTACGGAGTCGCTCTACG
2	plate_1_PS3_row_2_PS1_F1F	CAAGTGTTCTAACTTACGGAGTCGCTCTACGAGGACATTCCCATACGAGCACATTACGG
3	plate_1_PS1_row_2_PS3_F1F	CAAGTGTTCCCATACGAGCACATTACGGAGGACATTCTAACTTACGGAGTCGCTCTACG
4	plate_1_PS3_row_3_PS1_F1F	CAAGTGTTCTAACTTACGGAGTCGCTCTACGCACTAATGGCCATACGAGCACATTACGG
5	plate_1_PS1_row_3_PS3_F1F	CAAGTGTTCCCATACGAGCACATTACGGCACTAATGGTAACTTACGGAGTCGCTCTACG
6	plate_1_PS3_row_4_PS1_F1F	CAAGTGTTCTAACTTACGGAGTCGCTCTACGAGCCTGATGCCATACGAGCACATTACGG
7	plate_1_PS1_row_4_PS3_F1F	CAAGTGTTCCCATACGAGCACATTACGGAGCCTGATGTAACTTACGGAGTCGCTCTACG
8	plate_1_PS3_row_5_PS1_F1F	CAAGTGTTCTAACTTACGGAGTCGCTCTACGTTACGCTAACCATACGAGCACATTACGG
9	plate_1_PS1_row_5_PS3_F1F	CAAGTGTTCCCATACGAGCACATTACGGTTACGCTAATAACTTACGGAGTCGCTCTACG
10	plate_1_PS3_row_6_PS1_F1F	CAAGTGTTCTAACTTACGGAGTCGCTCTACGACTCTCCGTCCATACGAGCACATTACGG
11	plate_1_PS1_row_6_PS3_F1F	CAAGTGTTCCCATACGAGCACATTACGGACTCTCCGTTAACTTACGGAGTCGCTCTACG
12	plate_1_PS3_row_7_PS1_F1F	CAAGTGTTCTAACTTACGGAGTCGCTCTACGGTCGATGCACCATACGAGCACATTACGG
13	plate_1_PS1_row_7_PS3_F1F	CAAGTGTTCCCATACGAGCACATTACGGGTCGATGCATAACTTACGGAGTCGCTCTACG
14	plate_1_PS3_row_8_PS1_F1F	CAAGTGTTCTAACTTACGGAGTCGCTCTACGACGGGAATTCCATACGAGCACATTACGG
15	plate_1_PS1_row_8_PS3_F1F	CAAGTGTTCCCATACGAGCACATTACGGACGGGAATTTAACTTACGGAGTCGCTCTACG
16	plate_9_PS3_row_1_PS1_F1F	CGCGCCCAGTAACTTACGGAGTCGCTCTACGCAAGTGTTCCCATACGAGCACATTACGG
17	plate_9_PS1_row_1_PS3_F1F	CGCGCCCAGCCATACGAGCACATTACGGCAAGTGTTCTAACTTACGGAGTCGCTCTACG
18	plate_9_PS3_row_2_PS1_F1F	CGCGCCCAGTAACTTACGGAGTCGCTCTACGAGGACATTCCCATACGAGCACATTACGG
19	plate_9_PS1_row_2_PS3_F1F	CGCGCCCAGCCATACGAGCACATTACGGAGGACATTCTAACTTACGGAGTCGCTCTACG
20	plate_9_PS3_row_3_PS1_F1F	CGCGCCCAGTAACTTACGGAGTCGCTCTACGCACTAATGGCCATACGAGCACATTACGG
21	plate_9_PS1_row_3_PS3_F1F	CGCGCCCAGCCATACGAGCACATTACGGCACTAATGGTAACTTACGGAGTCGCTCTACG
22	plate_9_PS3_row_4_PS1_F1F	CGCGCCCAGTAACTTACGGAGTCGCTCTACGAGCCTGATGCCATACGAGCACATTACGG
23	plate_9_PS1_row_4_PS3_F1F	CGCGCCCAGCCATACGAGCACATTACGGAGCCTGATGTAACTTACGGAGTCGCTCTACG
24	plate_9_PS3_row_5_PS1_F1F	CGCGCCCAGTAACTTACGGAGTCGCTCTACGTTACGCTAACCATACGAGCACATTACGG
25	plate_9_PS1_row_5_PS3_F1F	CGCGCCCAGCCATACGAGCACATTACGGTTACGCTAATAACTTACGGAGTCGCTCTACG
26	plate_9_PS3_row_6_PS1_F1F	CGCGCCCAGTAACTTACGGAGTCGCTCTACGACTCTCCGTCCATACGAGCACATTACGG
27	plate_9_PS1_row_6_PS3_F1F	CGCGCCCAGCCATACGAGCACATTACGGACTCTCCGTTAACTTACGGAGTCGCTCTACG
28	plate_9_PS3_row_7_PS1_F1F	CGCGCCCAGTAACTTACGGAGTCGCTCTACGGTCGATGCACCATACGAGCACATTACGG
29	plate_9_PS1_row_7_PS3_F1F	CGCGCCCAGCCATACGAGCACATTACGGGTCGATGCATAACTTACGGAGTCGCTCTACG
30	plate_9_PS3_row_8_PS1_F1F	CGCGCCCAGTAACTTACGGAGTCGCTCTACGACGGGAATTCCATACGAGCACATTACGG
31	plate_9_PS1_row_8_PS3_F1F	CGCGCCCAGCCATACGAGCACATTACGGACGGGAATTTAACTTACGGAGTCGCTCTACG
32	plate_13_PS3_row_1_PS1_F1F	GTGAACCGATAACTTACGGAGTCGCTCTACGCAAGTGTTCCCATACGAGCACATTACGG
33	plate_13_PS1_row_1_PS3_F1F	GTGAACCGACCATACGAGCACATTACGGCAAGTGTTCTAACTTACGGAGTCGCTCTACG
34	plate_13_PS3_row_2_PS1_F1F	GTGAACCGATAACTTACGGAGTCGCTCTACGAGGACATTCCCATACGAGCACATTACGG
35	plate_13_PS1_row_2_PS3_F1F	GTGAACCGACCATACGAGCACATTACGGAGGACATTCTAACTTACGGAGTCGCTCTACG
36	plate_13_PS3_row_3_PS1_F1F	GTGAACCGATAACTTACGGAGTCGCTCTACGCACTAATGGCCATACGAGCACATTACGG
37	plate_13_PS1_row_3_PS3_F1F	GTGAACCGACCATACGAGCACATTACGGCACTAATGGTAACTTACGGAGTCGCTCTACG
38	plate_13_PS3_row_4_PS1_F1F	GTGAACCGATAACTTACGGAGTCGCTCTACGAGCCTGATGCCATACGAGCACATTACGG
39	plate_13_PS1_row_4_PS3_F1F	GTGAACCGACCATACGAGCACATTACGGAGCCTGATGTAACTTACGGAGTCGCTCTACG
40	plate_13_PS3_row_5_PS1_F1F	GTGAACCGATAACTTACGGAGTCGCTCTACGTTACGCTAACCATACGAGCACATTACGG
41	plate_13_PS1_row_5_PS3_F1F	GTGAACCGACCATACGAGCACATTACGGTTACGCTAATAACTTACGGAGTCGCTCTACG
42	plate_13_PS3_row_6_PS1_F1F	GTGAACCGATAACTTACGGAGTCGCTCTACGACTCTCCGTCCATACGAGCACATTACGG
43	plate_13_PS1_row_6_PS3_F1F	GTGAACCGACCATACGAGCACATTACGGACTCTCCGTTAACTTACGGAGTCGCTCTACG
44	plate_13_PS3_row_7_PS1_F1F	GTGAACCGATAACTTACGGAGTCGCTCTACGGTCGATGCACCATACGAGCACATTACGG
45	plate_13_PS1_row_7_PS3_F1F	GTGAACCGACCATACGAGCACATTACGGGTCGATGCATAACTTACGGAGTCGCTCTACG
46	plate_13_PS3_row_8_PS1_F1F	GTGAACCGATAACTTACGGAGTCGCTCTACGACGGGAATTCCATACGAGCACATTACGG
47	plate_13_PS1_row_8_PS3_F1F	GTGAACCGACCATACGAGCACATTACGGACGGGAATTTAACTTACGGAGTCGCTCTACG
48	plate_14_PS3_row_1_PS1_F1F	GCACAAAACTAACTTACGGAGTCGCTCTACGCAAGTGTTCCCATACGAGCACATTACGG
49	plate_14_PS1_row_1_PS3_F1F	GCACAAAACCCATACGAGCACATTACGGCAAGTGTTCTAACTTACGGAGTCGCTCTACG
50	plate_14_PS3_row_2_PS1_F1F	GCACAAAACTAACTTACGGAGTCGCTCTACGAGGACATTCCCATACGAGCACATTACGG
51	plate_14_PS1_row_2_PS3_F1F	GCACAAAACCCATACGAGCACATTACGGAGGACATTCTAACTTACGGAGTCGCTCTACG
52	plate_14_PS3_row_3_PS1_F1F	GCACAAAACTAACTTACGGAGTCGCTCTACGCACTAATGGCCATACGAGCACATTACGG
53	plate_14_PS1_row_3_PS3_F1F	GCACAAAACCCATACGAGCACATTACGGCACTAATGGTAACTTACGGAGTCGCTCTACG
54	plate_14_PS3_row_4_PS1_F1F	GCACAAAACTAACTTACGGAGTCGCTCTACGAGCCTGATGCCATACGAGCACATTACGG
55	plate_14_PS1_row_4_PS3_F1F	GCACAAAACCCATACGAGCACATTACGGAGCCTGATGTAACTTACGGAGTCGCTCTACG
56	plate_14_PS3_row_5_PS1_F1F	GCACAAAACTAACTTACGGAGTCGCTCTACGTTACGCTAACCATACGAGCACATTACGG
57	plate_14_PS1_row_5_PS3_F1F	GCACAAAACCCATACGAGCACATTACGGTTACGCTAATAACTTACGGAGTCGCTCTACG
58	plate_14_PS3_row_6_PS1_F1F	GCACAAAACTAACTTACGGAGTCGCTCTACGACTCTCCGTCCATACGAGCACATTACGG
59	plate_14_PS1_row_6_PS3_F1F	GCACAAAACCCATACGAGCACATTACGGACTCTCCGTTAACTTACGGAGTCGCTCTACG
60	plate_14_PS3_row_7_PS1_F1F	GCACAAAACTAACTTACGGAGTCGCTCTACGGTCGATGCACCATACGAGCACATTACGG
61	plate_14_PS1_row_7_PS3_F1F	GCACAAAACCCATACGAGCACATTACGGGTCGATGCATAACTTACGGAGTCGCTCTACG
62	plate_14_PS3_row_8_PS1_F1F	GCACAAAACTAACTTACGGAGTCGCTCTACGACGGGAATTCCATACGAGCACATTACGG
63	plate_14_PS1_row_8_PS3_F1F	GCACAAAACCCATACGAGCACATTACGGACGGGAATTTAACTTACGGAGTCGCTCTACG
64	plate_1_PS3_row_1_PS1_F2F	CAAGTGTTCTAACTTACGGAGTCGCTCTACGCAAGTGTTCCCATACGAGCACATTACGG
65	plate_1_PS1_row_1_PS3_F2F	CAAGTGTTCCCATACGAGCACATTACGGCAAGTGTTCTAACTTACGGAGTCGCTCTACG
66	plate_1_PS3_row_2_PS1_F2F	CAAGTGTTCTAACTTACGGAGTCGCTCTACGAGGACATTCCCATACGAGCACATTACGG
67	plate_1_PS1_row_2_PS3_F2F	CAAGTGTTCCCATACGAGCACATTACGGAGGACATTCTAACTTACGGAGTCGCTCTACG
68	plate_1_PS3_row_3_PS1_F2F	CAAGTGTTCTAACTTACGGAGTCGCTCTACGCACTAATGGCCATACGAGCACATTACGG
69	plate_1_PS1_row_3_PS3_F2F	CAAGTGTTCCCATACGAGCACATTACGGCACTAATGGTAACTTACGGAGTCGCTCTACG
70	plate_1_PS3_row_4_PS1_F2F	CAAGTGTTCTAACTTACGGAGTCGCTCTACGAGCCTGATGCCATACGAGCACATTACGG
71	plate_1_PS1_row_4_PS3_F2F	CAAGTGTTCCCATACGAGCACATTACGGAGCCTGATGTAACTTACGGAGTCGCTCTACG
72	plate_1_PS3_row_5_PS1_F2F	CAAGTGTTCTAACTTACGGAGTCGCTCTACGTTACGCTAACCATACGAGCACATTACGG
73	plate_1_PS1_row_5_PS3_F2F	CAAGTGTTCCCATACGAGCACATTACGGTTACGCTAATAACTTACGGAGTCGCTCTACG
74	plate_1_PS3_row_6_PS1_F2F	CAAGTGTTCTAACTTACGGAGTCGCTCTACGACTCTCCGTCCATACGAGCACATTACGG
75	plate_1_PS1_row_6_PS3_F2F	CAAGTGTTCCCATACGAGCACATTACGGACTCTCCGTTAACTTACGGAGTCGCTCTACG
76	plate_1_PS3_row_7_PS1_F2F	CAAGTGTTCTAACTTACGGAGTCGCTCTACGGTCGATGCACCATACGAGCACATTACGG
77	plate_1_PS1_row_7_PS3_F2F	CAAGTGTTCCCATACGAGCACATTACGGGTCGATGCATAACTTACGGAGTCGCTCTACG
78	plate_1_PS3_row_8_PS1_F2F	CAAGTGTTCTAACTTACGGAGTCGCTCTACGACGGGAATTCCATACGAGCACATTACGG
79	plate_1_PS1_row_8_PS3_F2F	CAAGTGTTCCCATACGAGCACATTACGGACGGGAATTTAACTTACGGAGTCGCTCTACG
80	plate_9_PS3_row_1_PS1_F2F	CGCGCCCAGTAACTTACGGAGTCGCTCTACGCAAGTGTTCCCATACGAGCACATTACGG
81	plate_9_PS1_row_1_PS3_F2F	CGCGCCCAGCCATACGAGCACATTACGGCAAGTGTTCTAACTTACGGAGTCGCTCTACG
82	plate_9_PS3_row_2_PS1_F2F	CGCGCCCAGTAACTTACGGAGTCGCTCTACGAGGACATTCCCATACGAGCACATTACGG
83	plate_9_PS1_row_2_PS3_F2F	CGCGCCCAGCCATACGAGCACATTACGGAGGACATTCTAACTTACGGAGTCGCTCTACG
84	plate_9_PS3_row_3_PS1_F2F	CGCGCCCAGTAACTTACGGAGTCGCTCTACGCACTAATGGCCATACGAGCACATTACGG
85	plate_9_PS1_row_3_PS3_F2F	CGCGCCCAGCCATACGAGCACATTACGGCACTAATGGTAACTTACGGAGTCGCTCTACG
86	plate_9_PS3_row_4_PS1_F2F	CGCGCCCAGTAACTTACGGAGTCGCTCTACGAGCCTGATGCCATACGAGCACATTACGG
87	plate_9_PS1_row_4_PS3_F2F	CGCGCCCAGCCATACGAGCACATTACGGAGCCTGATGTAACTTACGGAGTCGCTCTACG
88	plate_9_PS3_row_5_PS1_F2F	CGCGCCCAGTAACTTACGGAGTCGCTCTACGTTACGCTAACCATACGAGCACATTACGG
89	plate_9_PS1_row_5_PS3_F2F	CGCGCCCAGCCATACGAGCACATTACGGTTACGCTAATAACTTACGGAGTCGCTCTACG
90	plate_9_PS3_row_6_PS1_F2F	CGCGCCCAGTAACTTACGGAGTCGCTCTACGACTCTCCGTCCATACGAGCACATTACGG
91	plate_9_PS1_row_6_PS3_F2F	CGCGCCCAGCCATACGAGCACATTACGGACTCTCCGTTAACTTACGGAGTCGCTCTACG
92	plate_9_PS3_row_7_PS1_F2F	CGCGCCCAGTAACTTACGGAGTCGCTCTACGGTCGATGCACCATACGAGCACATTACGG
93	plate_9_PS1_row_7_PS3_F2F	CGCGCCCAGCCATACGAGCACATTACGGGTCGATGCATAACTTACGGAGTCGCTCTACG
94	plate_9_PS3_row_8_PS1_F2F	CGCGCCCAGTAACTTACGGAGTCGCTCTACGACGGGAATTCCATACGAGCACATTACGG
95	plate_9_PS1_row_8_PS3_F2F	CGCGCCCAGCCATACGAGCACATTACGGACGGGAATTTAACTTACGGAGTCGCTCTACG
96	plate_13_PS3_row_1_PS1_F2F	GTGAACCGATAACTTACGGAGTCGCTCTACGCAAGTGTTCCCATACGAGCACATTACGG
97	plate_13_PS1_row_1_PS3_F2F	GTGAACCGACCATACGAGCACATTACGGCAAGTGTTCTAACTTACGGAGTCGCTCTACG
98	plate_13_PS3_row_2_PS1_F2F	GTGAACCGATAACTTACGGAGTCGCTCTACGAGGACATTCCCATACGAGCACATTACGG
99	plate_13_PS1_row_2_PS3_F2F	GTGAACCGACCATACGAGCACATTACGGAGGACATTCTAACTTACGGAGTCGCTCTACG
100	plate_13_PS3_row_3_PS1_F2F	GTGAACCGATAACTTACGGAGTCGCTCTACGCACTAATGGCCATACGAGCACATTACGG
101	plate_13_PS1_row_3_PS3_F2F	GTGAACCGACCATACGAGCACATTACGGCACTAATGGTAACTTACGGAGTCGCTCTACG
102	plate_13_PS3_row_4_PS1_F2F	GTGAACCGATAACTTACGGAGTCGCTCTACGAGCCTGATGCCATACGAGCACATTACGG
103	plate_13_PS1_row_4_PS3_F2F	GTGAACCGACCATACGAGCACATTACGGAGCCTGATGTAACTTACGGAGTCGCTCTACG
104	plate_13_PS3_row_5_PS1_F2F	GTGAACCGATAACTTACGGAGTCGCTCTACGTTACGCTAACCATACGAGCACATTACGG
105	plate_13_PS1_row_5_PS3_F2F	GTGAACCGACCATACGAGCACATTACGGTTACGCTAATAACTTACGGAGTCGCTCTACG
106	plate_13_PS3_row_6_PS1_F2F	GTGAACCGATAACTTACGGAGTCGCTCTACGACTCTCCGTCCATACGAGCACATTACGG
107	plate_13_PS1_row_6_PS3_F2F	GTGAACCGACCATACGAGCACATTACGGACTCTCCGTTAACTTACGGAGTCGCTCTACG
108	plate_13_PS3_row_7_PS1_F2F	GTGAACCGATAACTTACGGAGTCGCTCTACGGTCGATGCACCATACGAGCACATTACGG
109	plate_13_PS1_row_7_PS3_F2F	GTGAACCGACCATACGAGCACATTACGGGTCGATGCATAACTTACGGAGTCGCTCTACG
110	plate_13_PS3_row_8_PS1_F2F	GTGAACCGATAACTTACGGAGTCGCTCTACGACGGGAATTCCATACGAGCACATTACGG
111	plate_13_PS1_row_8_PS3_F2F	GTGAACCGACCATACGAGCACATTACGGACGGGAATTTAACTTACGGAGTCGCTCTACG
112	plate_14_PS3_row_1_PS1_F2F	GCACAAAACTAACTTACGGAGTCGCTCTACGCAAGTGTTCCCATACGAGCACATTACGG
113	plate_14_PS1_row_1_PS3_F2F	GCACAAAACCCATACGAGCACATTACGGCAAGTGTTCTAACTTACGGAGTCGCTCTACG
114	plate_14_PS3_row_2_PS1_F2F	GCACAAAACTAACTTACGGAGTCGCTCTACGAGGACATTCCCATACGAGCACATTACGG
115	plate_14_PS1_row_2_PS3_F2F	GCACAAAACCCATACGAGCACATTACGGAGGACATTCTAACTTACGGAGTCGCTCTACG
116	plate_14_PS3_row_3_PS1_F2F	GCACAAAACTAACTTACGGAGTCGCTCTACGCACTAATGGCCATACGAGCACATTACGG
117	plate_14_PS1_row_3_PS3_F2F	GCACAAAACCCATACGAGCACATTACGGCACTAATGGTAACTTACGGAGTCGCTCTACG
118	plate_14_PS3_row_4_PS1_F2F	GCACAAAACTAACTTACGGAGTCGCTCTACGAGCCTGATGCCATACGAGCACATTACGG
119	plate_14_PS1_row_4_PS3_F2F	GCACAAAACCCATACGAGCACATTACGGAGCCTGATGTAACTTACGGAGTCGCTCTACG
120	plate_14_PS3_row_5_PS1_F2F	GCACAAAACTAACTTACGGAGTCGCTCTACGTTACGCTAACCATACGAGCACATTACGG
121	plate_14_PS1_row_5_PS3_F2F	GCACAAAACCCATACGAGCACATTACGGTTACGCTAATAACTTACGGAGTCGCTCTACG
122	plate_14_PS3_row_6_PS1_F2F	GCACAAAACTAACTTACGGAGTCGCTCTACGACTCTCCGTCCATACGAGCACATTACGG
123	plate_14_PS1_row_6_PS3_F2F	GCACAAAACCCATACGAGCACATTACGGACTCTCCGTTAACTTACGGAGTCGCTCTACG
124	plate_14_PS3_row_7_PS1_F2F	GCACAAAACTAACTTACGGAGTCGCTCTACGGTCGATGCACCATACGAGCACATTACGG
125	plate_14_PS1_row_7_PS3_F2F	GCACAAAACCCATACGAGCACATTACGGGTCGATGCATAACTTACGGAGTCGCTCTACG
126	plate_14_PS3_row_8_PS1_F2F	GCACAAAACTAACTTACGGAGTCGCTCTACGACGGGAATTCCATACGAGCACATTACGG
127	plate_14_PS1_row_8_PS3_F2F	GCACAAAACCCATACGAGCACATTACGGACGGGAATTTAACTTACGGAGTCGCTCTACG
128	plate_1_PS3_row_1_PS1_F3F	CAAGTGTTCTAACTTACGGAGTCGCTCTACGCAAGTGTTCCCATACGAGCACATTACGG
129	plate_1_PS1_row_1_PS3_F3F	CAAGTGTTCCCATACGAGCACATTACGGCAAGTGTTCTAACTTACGGAGTCGCTCTACG
130	plate_1_PS3_row_2_PS1_F3F	CAAGTGTTCTAACTTACGGAGTCGCTCTACGAGGACATTCCCATACGAGCACATTACGG
131	plate_1_PS1_row_2_PS3_F3F	CAAGTGTTCCCATACGAGCACATTACGGAGGACATTCTAACTTACGGAGTCGCTCTACG
132	plate_1_PS3_row_3_PS1_F3F	CAAGTGTTCTAACTTACGGAGTCGCTCTACGCACTAATGGCCATACGAGCACATTACGG
133	plate_1_PS1_row_3_PS3_F3F	CAAGTGTTCCCATACGAGCACATTACGGCACTAATGGTAACTTACGGAGTCGCTCTACG
134	plate_1_PS3_row_4_PS1_F3F	CAAGTGTTCTAACTTACGGAGTCGCTCTACGAGCCTGATGCCATACGAGCACATTACGG
135	plate_1_PS1_row_4_PS3_F3F	CAAGTGTTCCCATACGAGCACATTACGGAGCCTGATGTAACTTACGGAGTCGCTCTACG
136	plate_1_PS3_row_5_PS1_F3F	CAAGTGTTCTAACTTACGGAGTCGCTCTACGTTACGCTAACCATACGAGCACATTACGG
137	plate_1_PS1_row_5_PS3_F3F	CAAGTGTTCCCATACGAGCACATTACGGTTACGCTAATAACTTACGGAGTCGCTCTACG
138	plate_1_PS3_row_6_PS1_F3F	CAAGTGTTCTAACTTACGGAGTCGCTCTACGACTCTCCGTCCATACGAGCACATTACGG
139	plate_1_PS1_row_6_PS3_F3F	CAAGTGTTCCCATACGAGCACATTACGGACTCTCCGTTAACTTACGGAGTCGCTCTACG
140	plate_1_PS3_row_7_PS1_F3F	CAAGTGTTCTAACTTACGGAGTCGCTCTACGGTCGATGCACCATACGAGCACATTACGG
141	plate_1_PS1_row_7_PS3_F3F	CAAGTGTTCCCATACGAGCACATTACGGGTCGATGCATAACTTACGGAGTCGCTCTACG
142	plate_1_PS3_row_8_PS1_F3F	CAAGTGTTCTAACTTACGGAGTCGCTCTACGACGGGAATTCCATACGAGCACATTACGG
143	plate_1_PS1_row_8_PS3_F3F	CAAGTGTTCCCATACGAGCACATTACGGACGGGAATTTAACTTACGGAGTCGCTCTACG
144	plate_9_PS3_row_1_PS1_F3F	CGCGCCCAGTAACTTACGGAGTCGCTCTACGCAAGTGTTCCCATACGAGCACATTACGG
145	plate_9_PS1_row_1_PS3_F3F	CGCGCCCAGCCATACGAGCACATTACGGCAAGTGTTCTAACTTACGGAGTCGCTCTACG
146	plate_9_PS3_row_2_PS1_F3F	CGCGCCCAGTAACTTACGGAGTCGCTCTACGAGGACATTCCCATACGAGCACATTACGG
147	plate_9_PS1_row_2_PS3_F3F	CGCGCCCAGCCATACGAGCACATTACGGAGGACATTCTAACTTACGGAGTCGCTCTACG
148	plate_9_PS3_row_3_PS1_F3F	CGCGCCCAGTAACTTACGGAGTCGCTCTACGCACTAATGGCCATACGAGCACATTACGG
149	plate_9_PS1_row_3_PS3_F3F	CGCGCCCAGCCATACGAGCACATTACGGCACTAATGGTAACTTACGGAGTCGCTCTACG
150	plate_9_PS3_row_4_PS1_F3F	CGCGCCCAGTAACTTACGGAGTCGCTCTACGAGCCTGATGCCATACGAGCACATTACGG
151	plate_9_PS1_row_4_PS3_F3F	CGCGCCCAGCCATACGAGCACATTACGGAGCCTGATGTAACTTACGGAGTCGCTCTACG
152	plate_9_PS3_row_5_PS1_F3F	CGCGCCCAGTAACTTACGGAGTCGCTCTACGTTACGCTAACCATACGAGCACATTACGG
153	plate_9_PS1_row_5_PS3_F3F	CGCGCCCAGCCATACGAGCACATTACGGTTACGCTAATAACTTACGGAGTCGCTCTACG
154	plate_9_PS3_row_6_PS1_F3F	CGCGCCCAGTAACTTACGGAGTCGCTCTACGACTCTCCGTCCATACGAGCACATTACGG
155	plate_9_PS1_row_6_PS3_F3F	CGCGCCCAGCCATACGAGCACATTACGGACTCTCCGTTAACTTACGGAGTCGCTCTACG
156	plate_9_PS3_row_7_PS1_F3F	CGCGCCCAGTAACTTACGGAGTCGCTCTACGGTCGATGCACCATACGAGCACATTACGG
157	plate_9_PS1_row_7_PS3_F3F	CGCGCCCAGCCATACGAGCACATTACGGGTCGATGCATAACTTACGGAGTCGCTCTACG
158	plate_9_PS3_row_8_PS1_F3F	CGCGCCCAGTAACTTACGGAGTCGCTCTACGACGGGAATTCCATACGAGCACATTACGG
159	plate_9_PS1_row_8_PS3_F3F	CGCGCCCAGCCATACGAGCACATTACGGACGGGAATTTAACTTACGGAGTCGCTCTACG
160	plate_13_PS3_row_1_PS1_F3F	GTGAACCGATAACTTACGGAGTCGCTCTACGCAAGTGTTCCCATACGAGCACATTACGG
161	plate_13_PS1_row_1_PS3_F3F	GTGAACCGACCATACGAGCACATTACGGCAAGTGTTCTAACTTACGGAGTCGCTCTACG
162	plate_13_PS3_row_2_PS1_F3F	GTGAACCGATAACTTACGGAGTCGCTCTACGAGGACATTCCCATACGAGCACATTACGG
163	plate_13_PS1_row_2_PS3_F3F	GTGAACCGACCATACGAGCACATTACGGAGGACATTCTAACTTACGGAGTCGCTCTACG
164	plate_13_PS3_row_3_PS1_F3F	GTGAACCGATAACTTACGGAGTCGCTCTACGCACTAATGGCCATACGAGCACATTACGG
165	plate_13_PS1_row_3_PS3_F3F	GTGAACCGACCATACGAGCACATTACGGCACTAATGGTAACTTACGGAGTCGCTCTACG
166	plate_13_PS3_row_4_PS1_F3F	GTGAACCGATAACTTACGGAGTCGCTCTACGAGCCTGATGCCATACGAGCACATTACGG
167	plate_13_PS1_row_4_PS3_F3F	GTGAACCGACCATACGAGCACATTACGGAGCCTGATGTAACTTACGGAGTCGCTCTACG
168	plate_13_PS3_row_5_PS1_F3F	GTGAACCGATAACTTACGGAGTCGCTCTACGTTACGCTAACCATACGAGCACATTACGG
169	plate_13_PS1_row_5_PS3_F3F	GTGAACCGACCATACGAGCACATTACGGTTACGCTAATAACTTACGGAGTCGCTCTACG
170	plate_13_PS3_row_6_PS1_F3F	GTGAACCGATAACTTACGGAGTCGCTCTACGACTCTCCGTCCATACGAGCACATTACGG
171	plate_13_PS1_row_6_PS3_F3F	GTGAACCGACCATACGAGCACATTACGGACTCTCCGTTAACTTACGGAGTCGCTCTACG
172	plate_13_PS3_row_7_PS1_F3F	GTGAACCGATAACTTACGGAGTCGCTCTACGGTCGATGCACCATACGAGCACATTACGG
173	plate_13_PS1_row_7_PS3_F3F	GTGAACCGACCATACGAGCACATTACGGGTCGATGCATAACTTACGGAGTCGCTCTACG
174	plate_13_PS3_row_8_PS1_F3F	GTGAACCGATAACTTACGGAGTCGCTCTACGACGGGAATTCCATACGAGCACATTACGG
175	plate_13_PS1_row_8_PS3_F3F	GTGAACCGACCATACGAGCACATTACGGACGGGAATTTAACTTACGGAGTCGCTCTACG
176	plate_14_PS3_row_1_PS1_F3F	GCACAAAACTAACTTACGGAGTCGCTCTACGCAAGTGTTCCCATACGAGCACATTACGG
177	plate_14_PS1_row_1_PS3_F3F	GCACAAAACCCATACGAGCACATTACGGCAAGTGTTCTAACTTACGGAGTCGCTCTACG
178	plate_14_PS3_row_2_PS1_F3F	GCACAAAACTAACTTACGGAGTCGCTCTACGAGGACATTCCCATACGAGCACATTACGG
179	plate_14_PS1_row_2_PS3_F3F	GCACAAAACCCATACGAGCACATTACGGAGGACATTCTAACTTACGGAGTCGCTCTACG
180	plate_14_PS3_row_3_PS1_F3F	GCACAAAACTAACTTACGGAGTCGCTCTACGCACTAATGGCCATACGAGCACATTACGG
181	plate_14_PS1_row_3_PS3_F3F	GCACAAAACCCATACGAGCACATTACGGCACTAATGGTAACTTACGGAGTCGCTCTACG
182	plate_14_PS3_row_4_PS1_F3F	GCACAAAACTAACTTACGGAGTCGCTCTACGAGCCTGATGCCATACGAGCACATTACGG
183	plate_14_PS1_row_4_PS3_F3F	GCACAAAACCCATACGAGCACATTACGGAGCCTGATGTAACTTACGGAGTCGCTCTACG
184	plate_14_PS3_row_5_PS1_F3F	GCACAAAACTAACTTACGGAGTCGCTCTACGTTACGCTAACCATACGAGCACATTACGG
185	plate_14_PS1_row_5_PS3_F3F	GCACAAAACCCATACGAGCACATTACGGTTACGCTAATAACTTACGGAGTCGCTCTACG
186	plate_14_PS3_row_6_PS1_F3F	GCACAAAACTAACTTACGGAGTCGCTCTACGACTCTCCGTCCATACGAGCACATTACGG
187	plate_14_PS1_row_6_PS3_F3F	GCACAAAACCCATACGAGCACATTACGGACTCTCCGTTAACTTACGGAGTCGCTCTACG
188	plate_14_PS3_row_7_PS1_F3F	GCACAAAACTAACTTACGGAGTCGCTCTACGGTCGATGCACCATACGAGCACATTACGG
189	plate_14_PS1_row_7_PS3_F3F	GCACAAAACCCATACGAGCACATTACGGGTCGATGCATAACTTACGGAGTCGCTCTACG
190	plate_14_PS3_row_8_PS1_F3F	GCACAAAACTAACTTACGGAGTCGCTCTACGACGGGAATTCCATACGAGCACATTACGG
191	plate_14_PS1_row_8_PS3_F3F	GCACAAAACCCATACGAGCACATTACGGACGGGAATTTAACTTACGGAGTCGCTCTACG
