,name,sequence
0,R_Col_PS2+Index1+PS4,CTTGACTGAGCGACTGAGGcaagtgttcGGATGGGATTCTTTAGGTCCTG
1,R_Col_PS2+Index2+PS4,CTTGACTGAGCGACTGAGGaggacattcGGATGGGATTCTTTAGGTCCTG
2,R_Col_PS2+Index3+PS4,CTTGACTGAGCGACTGAGGcactaatggGGATGGGATTCTTTAGGTCCTG
3,R_Col_PS2+Index4+PS4,CTTGACTGAGCGACTGAGGagcctgatgGGATGGGATTCTTTAGGTCCTG
4,R_Col_PS2+Index5+PS4,CTTGACTGAGCGACTGAGGttacgctaaGGATGGGATTCTTTAGGTCCTG
5,R_Col_PS2+Index6+PS4,CTTGACTGAGCGACTGAGGactctccgtGGATGGGATTCTTTAGGTCCTG
6,R_Col_PS2+Index7+PS4,CTTGACTGAGCGACTGAGGgtcgatgcaGGATGGGATTCTTTAGGTCCTG
7,R_Col_PS2+Index8+PS4,CTTGACTGAGCGACTGAGGacgggaattGGATGGGATTCTTTAGGTCCTG
8,R_Col_PS2+Index9+PS4,CTTGACTGAGCGACTGAGGcgcgcccagGGATGGGATTCTTTAGGTCCTG
9,R_Col_PS2+Index10+PS4,CTTGACTGAGCGACTGAGGactagtttgGGATGGGATTCTTTAGGTCCTG
10,R_Col_PS2+Index11+PS4,CTTGACTGAGCGACTGAGGagtattacaGGATGGGATTCTTTAGGTCCTG
11,R_Col_PS2+Index12+PS4,CTTGACTGAGCGACTGAGGaggttgggtGGATGGGATTCTTTAGGTCCTG