RU7_PjDHFR	1	1
RU7_PjDHFR	2	1
RU7_PjDHFR	3	1
RU7_PjDHFR	4	1
RU7_PjDHFR	5	1
RU7_PjDHFR	6	1
RU7_PjDHFR	7	1
RU7_PjDHFR	8	1
RU7_PjDHFR	9	1
RU7_PjDHFR	10	1
RU7_PjDHFR	11	1
RU7_PjDHFR	12	1
RU7_PjDHFR	13	1
RU7_PjDHFR	14	1
RU7_PjDHFR	15	1
RU7_PjDHFR	16	1
RU7_PjDHFR	17	1
RU7_PjDHFR	18	1
RU7_PjDHFR	19	1
RU7_PjDHFR	20	1
RU7_PjDHFR	21	1
RU7_PjDHFR	22	1
RU7_PjDHFR	23	1
RU7_PjDHFR	24	1
RU7_PjDHFR	25	1
RU7_PjDHFR	26	1
RU7_PjDHFR	27	1
RU7_PjDHFR	28	1
RU7_PjDHFR	29	1
RU7_PjDHFR	30	1
RU7_PjDHFR	31	1
RU7_PjDHFR	32	1
RU7_PjDHFR	33	1
RU7_PjDHFR	34	1
RU7_PjDHFR	35	1
RU7_PjDHFR	36	1
RU7_PjDHFR	37	1
RU7_PjDHFR	38	1
RU7_PjDHFR	39	1
RU7_PjDHFR	40	1
RU7_PjDHFR	41	1
RU7_PjDHFR	42	1
RU7_PjDHFR	43	1
RU7_PjDHFR	44	1
RU7_PjDHFR	45	1
RU7_PjDHFR	46	1
RU7_PjDHFR	47	1
RU7_PjDHFR	48	1
RU7_PjDHFR	49	1
RU7_PjDHFR	50	1
RU7_PjDHFR	51	1
RU7_PjDHFR	52	1
RU7_PjDHFR	53	1
RU7_PjDHFR	54	1
RU7_PjDHFR	55	1
RU7_PjDHFR	56	1
RU7_PjDHFR	57	1
RU7_PjDHFR	58	1
RU7_PjDHFR	59	1
RU7_PjDHFR	60	1
RU7_PjDHFR	61	1
RU7_PjDHFR	62	1
RU7_PjDHFR	63	1
RU7_PjDHFR	64	1
RU7_PjDHFR	65	1
RU7_PjDHFR	66	1
RU7_PjDHFR	67	1
RU7_PjDHFR	68	1
RU7_PjDHFR	69	1
RU7_PjDHFR	70	1
RU7_PjDHFR	71	1
RU7_PjDHFR	72	1
RU7_PjDHFR	73	1
RU7_PjDHFR	74	1
RU7_PjDHFR	75	1
RU7_PjDHFR	76	1
RU7_PjDHFR	77	1
RU7_PjDHFR	78	1
RU7_PjDHFR	79	1
RU7_PjDHFR	80	1
RU7_PjDHFR	81	1
RU7_PjDHFR	82	1
RU7_PjDHFR	83	1
RU7_PjDHFR	84	1
RU7_PjDHFR	85	1
RU7_PjDHFR	86	1
RU7_PjDHFR	87	1
RU7_PjDHFR	88	1
RU7_PjDHFR	89	1
RU7_PjDHFR	90	1
RU7_PjDHFR	91	1
RU7_PjDHFR	92	1
RU7_PjDHFR	93	1
RU7_PjDHFR	94	1
RU7_PjDHFR	95	1
RU7_PjDHFR	96	1
RU7_PjDHFR	97	1
RU7_PjDHFR	98	1
RU7_PjDHFR	99	1
RU7_PjDHFR	100	1
RU7_PjDHFR	101	1
RU7_PjDHFR	102	1
RU7_PjDHFR	103	1
RU7_PjDHFR	104	1
RU7_PjDHFR	105	1
RU7_PjDHFR	106	1
RU7_PjDHFR	107	1
RU7_PjDHFR	108	1
RU7_PjDHFR	109	1
RU7_PjDHFR	110	1
RU7_PjDHFR	111	1
RU7_PjDHFR	112	1
RU7_PjDHFR	113	1
RU7_PjDHFR	114	1
RU7_PjDHFR	115	1
RU7_PjDHFR	116	1
RU7_PjDHFR	117	1
RU7_PjDHFR	118	1
RU7_PjDHFR	119	1
RU7_PjDHFR	120	1
RU7_PjDHFR	121	1
RU7_PjDHFR	122	1
RU7_PjDHFR	123	1
RU7_PjDHFR	124	1
RU7_PjDHFR	125	1
RU7_PjDHFR	126	1
RU7_PjDHFR	127	1
RU7_PjDHFR	128	1
RU7_PjDHFR	129	1
RU7_PjDHFR	130	1
RU7_PjDHFR	131	1
RU7_PjDHFR	132	1
RU7_PjDHFR	133	1
RU7_PjDHFR	134	1
RU7_PjDHFR	135	1
RU7_PjDHFR	136	1
RU7_PjDHFR	137	1
RU7_PjDHFR	138	1
RU7_PjDHFR	139	1
RU7_PjDHFR	140	1
RU7_PjDHFR	141	1
RU7_PjDHFR	142	1
RU7_PjDHFR	143	1
RU7_PjDHFR	144	1
RU7_PjDHFR	145	1
RU7_PjDHFR	146	1
RU7_PjDHFR	147	1
RU7_PjDHFR	148	1
RU7_PjDHFR	149	1
RU7_PjDHFR	150	1
RU7_PjDHFR	151	1
RU7_PjDHFR	152	1
RU7_PjDHFR	153	1
RU7_PjDHFR	154	1
RU7_PjDHFR	155	1
RU7_PjDHFR	156	1
RU7_PjDHFR	157	1
RU7_PjDHFR	158	1
RU7_PjDHFR	159	1
RU7_PjDHFR	160	1
RU7_PjDHFR	161	1
RU7_PjDHFR	162	1
RU7_PjDHFR	163	1
RU7_PjDHFR	164	1
RU7_PjDHFR	165	1
RU7_PjDHFR	166	1
RU7_PjDHFR	167	1
RU7_PjDHFR	168	1
RU7_PjDHFR	169	1
RU7_PjDHFR	170	1
RU7_PjDHFR	171	1
RU7_PjDHFR	172	1
RU7_PjDHFR	173	1
RU7_PjDHFR	174	1
RU7_PjDHFR	175	1
RU7_PjDHFR	176	1
RU7_PjDHFR	177	1
RU7_PjDHFR	178	1
RU7_PjDHFR	179	1
RU7_PjDHFR	180	1
RU7_PjDHFR	181	1
RU7_PjDHFR	182	1
RU7_PjDHFR	183	1
RU7_PjDHFR	184	1
RU7_PjDHFR	185	1
RU7_PjDHFR	186	1
RU7_PjDHFR	187	1
RU7_PjDHFR	188	1
RU7_PjDHFR	189	1
RU7_PjDHFR	190	1
RU7_PjDHFR	191	1
RU7_PjDHFR	192	1
RU7_PjDHFR	193	1
RU7_PjDHFR	194	1
RU7_PjDHFR	195	1
RU7_PjDHFR	196	1
RU7_PjDHFR	197	1
RU7_PjDHFR	198	1
RU7_PjDHFR	199	1
RU7_PjDHFR	200	1
RU7_PjDHFR	201	1
RU7_PjDHFR	202	1
RU7_PjDHFR	203	1
RU7_PjDHFR	204	1
RU7_PjDHFR	205	1
RU7_PjDHFR	206	1
RU7_PjDHFR	207	1
RU7_PjDHFR	208	1
RU7_PjDHFR	209	1
RU7_PjDHFR	210	1
RU7_PjDHFR	211	1
RU7_PjDHFR	212	1
RU7_PjDHFR	213	1
RU7_PjDHFR	214	1
RU7_PjDHFR	215	1
RU7_PjDHFR	216	1
RU7_PjDHFR	217	1
RU7_PjDHFR	218	1
RU7_PjDHFR	219	1
RU7_PjDHFR	220	1
RU7_PjDHFR	221	1
RU7_PjDHFR	222	1
RU7_PjDHFR	223	1
RU7_PjDHFR	224	1
RU7_PjDHFR	225	1
RU7_PjDHFR	226	1
RU7_PjDHFR	227	1
RU7_PjDHFR	228	1
RU7_PjDHFR	229	1
RU7_PjDHFR	230	1
RU7_PjDHFR	231	1
RU7_PjDHFR	232	1
RU7_PjDHFR	233	1
RU7_PjDHFR	234	1
RU7_PjDHFR	235	1
RU7_PjDHFR	236	1
RU7_PjDHFR	237	1
RU7_PjDHFR	238	1
RU7_PjDHFR	239	1
RU7_PjDHFR	240	1
RU7_PjDHFR	241	1
RU7_PjDHFR	242	1
RU7_PjDHFR	243	1
RU7_PjDHFR	244	1
RU7_PjDHFR	245	1
RU7_PjDHFR	246	1
RU7_PjDHFR	247	1
RU7_PjDHFR	248	1
RU7_PjDHFR	249	1
RU7_PjDHFR	250	1
RU7_PjDHFR	251	1
RU7_PjDHFR	252	1
RU7_PjDHFR	253	1
RU7_PjDHFR	254	1
RU7_PjDHFR	255	1
RU7_PjDHFR	256	1
RU7_PjDHFR	257	1
RU7_PjDHFR	258	1
RU7_PjDHFR	259	1
RU7_PjDHFR	260	1
RU7_PjDHFR	261	1
RU7_PjDHFR	262	1
RU7_PjDHFR	263	1
RU7_PjDHFR	264	1
RU7_PjDHFR	265	1
RU7_PjDHFR	266	1
RU7_PjDHFR	267	1
RU7_PjDHFR	268	1
RU7_PjDHFR	269	1
RU7_PjDHFR	270	1
RU7_PjDHFR	271	1
RU7_PjDHFR	272	1
RU7_PjDHFR	273	1
RU7_PjDHFR	274	1
RU7_PjDHFR	275	1
RU7_PjDHFR	276	1
RU7_PjDHFR	277	1
RU7_PjDHFR	278	1
RU7_PjDHFR	279	1
RU7_PjDHFR	280	1
RU7_PjDHFR	281	1
RU7_PjDHFR	282	1
RU7_PjDHFR	283	1
RU7_PjDHFR	284	1
RU7_PjDHFR	285	1
RU7_PjDHFR	286	1
RU7_PjDHFR	287	1
RU7_PjDHFR	288	1
RU7_PjDHFR	289	1
RU7_PjDHFR	290	1
RU7_PjDHFR	291	1
RU7_PjDHFR	292	1
RU7_PjDHFR	293	1
RU7_PjDHFR	294	1
RU7_PjDHFR	295	1
RU7_PjDHFR	296	1
RU7_PjDHFR	297	1
RU7_PjDHFR	298	1
RU7_PjDHFR	299	1
RU7_PjDHFR	300	1
RU7_PjDHFR	301	1
RU7_PjDHFR	302	1
RU7_PjDHFR	303	1
RU7_PjDHFR	304	1
RU7_PjDHFR	305	1
RU7_PjDHFR	306	1
RU7_PjDHFR	307	1
RU7_PjDHFR	308	1
RU7_PjDHFR	309	1
RU7_PjDHFR	310	1
RU7_PjDHFR	311	1
RU7_PjDHFR	312	1
RU7_PjDHFR	313	1
RU7_PjDHFR	314	1
RU7_PjDHFR	315	1
RU7_PjDHFR	316	1
RU7_PjDHFR	317	1
RU7_PjDHFR	318	1
RU7_PjDHFR	319	1
RU7_PjDHFR	320	1
RU7_PjDHFR	321	1
RU7_PjDHFR	322	1
RU7_PjDHFR	323	1
RU7_PjDHFR	324	1
RU7_PjDHFR	325	1
RU7_PjDHFR	326	1
RU7_PjDHFR	327	1
RU7_PjDHFR	328	1
RU7_PjDHFR	329	1
RU7_PjDHFR	330	1
RU7_PjDHFR	331	1
RU7_PjDHFR	332	1
RU7_PjDHFR	333	1
RU7_PjDHFR	334	1
RU7_PjDHFR	335	1
RU7_PjDHFR	336	1
RU7_PjDHFR	337	1
RU7_PjDHFR	338	1
RU7_PjDHFR	339	1
RU7_PjDHFR	340	1
RU7_PjDHFR	341	1
RU7_PjDHFR	342	1
RU7_PjDHFR	343	1
RU7_PjDHFR	344	1
RU7_PjDHFR	345	1
RU7_PjDHFR	346	1
RU7_PjDHFR	347	1
RU7_PjDHFR	348	1
RU7_PjDHFR	349	1
RU7_PjDHFR	350	1
RU7_PjDHFR	351	1
RU7_PjDHFR	352	1
RU7_PjDHFR	353	1
RU7_PjDHFR	354	1
RU7_PjDHFR	355	1
RU7_PjDHFR	356	1
RU7_PjDHFR	357	1
RU7_PjDHFR	358	1
RU7_PjDHFR	359	1
RU7_PjDHFR	360	1
RU7_PjDHFR	361	1
RU7_PjDHFR	362	1
RU7_PjDHFR	363	1
RU7_PjDHFR	364	1
RU7_PjDHFR	365	1
RU7_PjDHFR	366	1
RU7_PjDHFR	367	1
RU7_PjDHFR	368	1
RU7_PjDHFR	369	1
RU7_PjDHFR	370	1
RU7_PjDHFR	371	1
RU7_PjDHFR	372	1
RU7_PjDHFR	373	1
RU7_PjDHFR	374	1
RU7_PjDHFR	375	1
RU7_PjDHFR	376	1
RU7_PjDHFR	377	1
RU7_PjDHFR	378	1
RU7_PjDHFR	379	1
RU7_PjDHFR	380	1
RU7_PjDHFR	381	1
RU7_PjDHFR	382	1
RU7_PjDHFR	383	1
RU7_PjDHFR	384	1
RU7_PjDHFR	385	1
RU7_PjDHFR	386	1
RU7_PjDHFR	387	1
RU7_PjDHFR	388	1
RU7_PjDHFR	389	1
RU7_PjDHFR	390	1
RU7_PjDHFR	391	1
RU7_PjDHFR	392	1
RU7_PjDHFR	393	1
RU7_PjDHFR	394	1
RU7_PjDHFR	395	1
RU7_PjDHFR	396	1
RU7_PjDHFR	397	1
RU7_PjDHFR	398	1
RU7_PjDHFR	399	1
RU7_PjDHFR	400	1
RU7_PjDHFR	401	1
RU7_PjDHFR	402	1
RU7_PjDHFR	403	1
RU7_PjDHFR	404	1
RU7_PjDHFR	405	1
RU7_PjDHFR	406	1
RU7_PjDHFR	407	1
RU7_PjDHFR	408	1
RU7_PjDHFR	409	1
RU7_PjDHFR	410	1
RU7_PjDHFR	411	1
RU7_PjDHFR	412	1
RU7_PjDHFR	413	1
RU7_PjDHFR	414	1
RU7_PjDHFR	415	1
RU7_PjDHFR	416	1
RU7_PjDHFR	417	1
RU7_PjDHFR	418	1
RU7_PjDHFR	419	1
RU7_PjDHFR	420	1
RU7_PjDHFR	421	1
RU7_PjDHFR	422	1
RU7_PjDHFR	423	1
RU7_PjDHFR	424	1
RU7_PjDHFR	425	1
RU7_PjDHFR	426	1
RU7_PjDHFR	427	1
RU7_PjDHFR	428	1
RU7_PjDHFR	429	1
RU7_PjDHFR	430	1
RU7_PjDHFR	431	1
RU7_PjDHFR	432	1
RU7_PjDHFR	433	1
RU7_PjDHFR	434	1
RU7_PjDHFR	435	1
RU7_PjDHFR	436	1
RU7_PjDHFR	437	1
RU7_PjDHFR	438	1
RU7_PjDHFR	439	1
RU7_PjDHFR	440	1
RU7_PjDHFR	441	1
RU7_PjDHFR	442	1
RU7_PjDHFR	443	1
RU7_PjDHFR	444	1
RU7_PjDHFR	445	1
RU7_PjDHFR	446	1
RU7_PjDHFR	447	1
RU7_PjDHFR	448	1
RU7_PjDHFR	449	1
RU7_PjDHFR	450	1
RU7_PjDHFR	451	1
RU7_PjDHFR	452	1
RU7_PjDHFR	453	1
RU7_PjDHFR	454	1
RU7_PjDHFR	455	1
RU7_PjDHFR	456	1
RU7_PjDHFR	457	1
RU7_PjDHFR	458	1
RU7_PjDHFR	459	1
RU7_PjDHFR	460	1
RU7_PjDHFR	461	1
RU7_PjDHFR	462	1
RU7_PjDHFR	463	1
RU7_PjDHFR	464	1
RU7_PjDHFR	465	1
RU7_PjDHFR	466	1
RU7_PjDHFR	467	1
RU7_PjDHFR	468	1
RU7_PjDHFR	469	1
RU7_PjDHFR	470	1
RU7_PjDHFR	471	1
RU7_PjDHFR	472	1
RU7_PjDHFR	473	1
RU7_PjDHFR	474	1
RU7_PjDHFR	475	1
RU7_PjDHFR	476	1
RU7_PjDHFR	477	1
RU7_PjDHFR	478	1
RU7_PjDHFR	479	1
RU7_PjDHFR	480	1
RU7_PjDHFR	481	1
RU7_PjDHFR	482	1
RU7_PjDHFR	483	1
RU7_PjDHFR	484	1
RU7_PjDHFR	485	1
RU7_PjDHFR	486	1
RU7_PjDHFR	487	1
RU7_PjDHFR	488	1
RU7_PjDHFR	489	1
RU7_PjDHFR	490	1
RU7_PjDHFR	491	1
RU7_PjDHFR	492	1
RU7_PjDHFR	493	1
RU7_PjDHFR	494	1
RU7_PjDHFR	495	1
RU7_PjDHFR	496	1
RU7_PjDHFR	497	1
RU7_PjDHFR	498	1
RU7_PjDHFR	499	1
RU7_PjDHFR	500	1
RU7_PjDHFR	501	1
RU7_PjDHFR	502	1
RU7_PjDHFR	503	1
RU7_PjDHFR	504	1
RU7_PjDHFR	505	1
RU7_PjDHFR	506	1
RU7_PjDHFR	507	1
RU7_PjDHFR	508	1
RU7_PjDHFR	509	1
RU7_PjDHFR	510	1
RU7_PjDHFR	511	1
RU7_PjDHFR	512	1
RU7_PjDHFR	513	1
RU7_PjDHFR	514	1
RU7_PjDHFR	515	1
RU7_PjDHFR	516	1
RU7_PjDHFR	517	1
RU7_PjDHFR	518	1
RU7_PjDHFR	519	1
RU7_PjDHFR	520	1
RU7_PjDHFR	521	1
RU7_PjDHFR	522	1
RU7_PjDHFR	523	1
RU7_PjDHFR	524	1
RU7_PjDHFR	525	1
RU7_PjDHFR	526	1
RU7_PjDHFR	527	1
RU7_PjDHFR	528	1
RU7_PjDHFR	529	1
RU7_PjDHFR	530	1
RU7_PjDHFR	531	1
RU7_PjDHFR	532	1
RU7_PjDHFR	533	1
RU7_PjDHFR	534	1
RU7_PjDHFR	535	1
RU7_PjDHFR	536	1
RU7_PjDHFR	537	1
RU7_PjDHFR	538	1
RU7_PjDHFR	539	1
RU7_PjDHFR	540	1
RU7_PjDHFR	541	1
RU7_PjDHFR	542	1
RU7_PjDHFR	543	1
RU7_PjDHFR	544	1
RU7_PjDHFR	545	1
RU7_PjDHFR	546	1
RU7_PjDHFR	547	1
RU7_PjDHFR	548	1
RU7_PjDHFR	549	1
RU7_PjDHFR	550	1
RU7_PjDHFR	551	1
RU7_PjDHFR	552	1
RU7_PjDHFR	553	1
RU7_PjDHFR	554	1
RU7_PjDHFR	555	1
RU7_PjDHFR	556	1
RU7_PjDHFR	557	1
RU7_PjDHFR	558	1
RU7_PjDHFR	559	1
RU7_PjDHFR	560	1
RU7_PjDHFR	561	1
RU7_PjDHFR	562	1
RU7_PjDHFR	563	1
RU7_PjDHFR	564	1
RU7_PjDHFR	565	1
RU7_PjDHFR	566	1
RU7_PjDHFR	567	1
RU7_PjDHFR	568	1
RU7_PjDHFR	569	1
RU7_PjDHFR	570	1
RU7_PjDHFR	571	1
RU7_PjDHFR	572	1
RU7_PjDHFR	573	1
RU7_PjDHFR	574	1
RU7_PjDHFR	575	1
RU7_PjDHFR	576	1
RU7_PjDHFR	577	1
RU7_PjDHFR	578	1
RU7_PjDHFR	579	1
RU7_PjDHFR	580	1
RU7_PjDHFR	581	1
RU7_PjDHFR	582	1
RU7_PjDHFR	583	1
RU7_PjDHFR	584	1
RU7_PjDHFR	585	1
RU7_PjDHFR	586	1
RU7_PjDHFR	587	1
RU7_PjDHFR	588	1
RU7_PjDHFR	589	1
RU7_PjDHFR	590	1
RU7_PjDHFR	591	1
RU7_PjDHFR	592	1
RU7_PjDHFR	593	1
RU7_PjDHFR	594	1
RU7_PjDHFR	595	1
RU7_PjDHFR	596	1
RU7_PjDHFR	597	1
RU7_PjDHFR	598	1
RU7_PjDHFR	599	1
RU7_PjDHFR	600	1
RU7_PjDHFR	601	1
RU7_PjDHFR	602	1
RU7_PjDHFR	603	1
RU7_PjDHFR	604	1
RU7_PjDHFR	605	1
RU7_PjDHFR	606	1
RU7_PjDHFR	607	1
RU7_PjDHFR	608	1
RU7_PjDHFR	609	1
RU7_PjDHFR	610	1
RU7_PjDHFR	611	1
RU7_PjDHFR	612	1
RU7_PjDHFR	613	1
RU7_PjDHFR	614	1
RU7_PjDHFR	615	1
RU7_PjDHFR	616	1
RU7_PjDHFR	617	1
RU7_PjDHFR	618	1
RU7_PjDHFR	619	1
RU7_PjDHFR	620	1
RU7_PjDHFR	621	1
RU7_PjDHFR	622	1
RU7_PjDHFR	623	1
RU7_PjDHFR	624	1
RU7_PjDHFR	625	1
RU7_PjDHFR	626	1
RU7_PjDHFR	627	1
RU7_PjDHFR	628	1
RU7_PjDHFR	629	1
RU7_PjDHFR	630	1
RU7_PjDHFR	631	1
RU7_PjDHFR	632	1
RU7_PjDHFR	633	1
RU7_PjDHFR	634	1
RU7_PjDHFR	635	1
RU7_PjDHFR	636	1
RU7_PjDHFR	637	1
RU7_PjDHFR	638	1
RU7_PjDHFR	639	1
RU7_PjDHFR	640	1
RU7_PjDHFR	641	1
RU7_PjDHFR	642	1
RU7_PjDHFR	643	1
RU7_PjDHFR	644	1
RU7_PjDHFR	645	1
RU7_PjDHFR	646	1
RU7_PjDHFR	647	1
RU7_PjDHFR	648	1
RU7_PjDHFR	649	1
RU7_PjDHFR	650	1
RU7_PjDHFR	651	1
RU7_PjDHFR	652	1
RU7_PjDHFR	653	1
RU7_PjDHFR	654	1
RU7_PjDHFR	655	1
RU7_PjDHFR	656	1
RU7_PjDHFR	657	1
RU7_PjDHFR	658	1
RU7_PjDHFR	659	1
RU7_PjDHFR	660	1
RU7_PjDHFR	661	1
RU7_PjDHFR	662	1
RU7_PjDHFR	663	1
RU7_PjDHFR	664	1
RU7_PjDHFR	665	1
RU7_PjDHFR	666	1
RU7_PjDHFR	667	1
RU7_PjDHFR	668	1
RU7_PjDHFR	669	1
RU7_PjDHFR	670	1
RU7_PjDHFR	671	1
RU7_PjDHFR	672	1
RU7_PjDHFR	673	1
RU7_PjDHFR	674	1
RU7_PjDHFR	675	1
RU7_PjDHFR	676	1
RU7_PjDHFR	677	1
RU7_PjDHFR	678	1
RU7_PjDHFR	679	1
RU7_PjDHFR	680	1
RU7_PjDHFR	681	1
RU7_PjDHFR	682	1
RU7_PjDHFR	683	1
RU7_PjDHFR	684	1
RU7_PjDHFR	685	1
RU7_PjDHFR	686	1
RU7_PjDHFR	687	1
RU7_PjDHFR	688	1
RU7_PjDHFR	689	1
RU7_PjDHFR	690	1
RU7_PjDHFR	691	1
RU7_PjDHFR	692	1
RU7_PjDHFR	693	1
RU7_PjDHFR	694	1
RU7_PjDHFR	695	1
RU7_PjDHFR	696	1
RU7_PjDHFR	697	1
RU7_PjDHFR	698	1
RU7_PjDHFR	699	1
RU7_PjDHFR	700	1
RU7_PjDHFR	701	1
RU7_PjDHFR	702	1
RU7_PjDHFR	703	1
RU7_PjDHFR	704	1
RU7_PjDHFR	705	1
RU7_PjDHFR	706	1
RU7_PjDHFR	707	1
RU7_PjDHFR	708	1
RU7_PjDHFR	709	1
RU7_PjDHFR	710	1
RU7_PjDHFR	711	1
RU7_PjDHFR	712	1
RU7_PjDHFR	713	1
RU7_PjDHFR	714	1
RU7_PjDHFR	715	1
RU7_PjDHFR	716	1
RU7_PjDHFR	717	1
RU7_PjDHFR	718	1
RU7_PjDHFR	719	1
RU7_PjDHFR	720	1
RU7_PjDHFR	721	1
RU7_PjDHFR	722	1
RU7_PjDHFR	723	1
RU7_PjDHFR	724	1
RU7_PjDHFR	725	1
RU7_PjDHFR	726	1
RU7_PjDHFR	727	1
RU7_PjDHFR	728	1
RU7_PjDHFR	729	1
RU7_PjDHFR	730	1
RU7_PjDHFR	731	1
RU7_PjDHFR	732	1
RU7_PjDHFR	733	1
RU7_PjDHFR	734	1
RU7_PjDHFR	735	1
RU7_PjDHFR	736	1
RU7_PjDHFR	737	1
RU7_PjDHFR	738	1
RU7_PjDHFR	739	1
RU7_PjDHFR	740	1
RU7_PjDHFR	741	1
RU7_PjDHFR	742	1
RU7_PjDHFR	743	1
RU7_PjDHFR	744	1
RU7_PjDHFR	745	1
RU7_PjDHFR	746	1
RU7_PjDHFR	747	1
RU7_PjDHFR	748	1
RU7_PjDHFR	749	1
RU7_PjDHFR	750	1
RU7_PjDHFR	751	1
RU7_PjDHFR	752	1
RU7_PjDHFR	753	1
RU7_PjDHFR	754	1
RU7_PjDHFR	755	1
RU7_PjDHFR	756	1
RU7_PjDHFR	757	1
RU7_PjDHFR	758	1
RU7_PjDHFR	759	1
RU7_PjDHFR	760	1
RU7_PjDHFR	761	1
RU7_PjDHFR	762	1
RU7_PjDHFR	763	1
RU7_PjDHFR	764	1
RU7_PjDHFR	765	1
RU7_PjDHFR	766	1
RU7_PjDHFR	767	1
RU7_PjDHFR	768	1
RU7_PjDHFR	769	1
RU7_PjDHFR	770	1
RU7_PjDHFR	771	1
RU7_PjDHFR	772	1
RU7_PjDHFR	773	1
RU7_PjDHFR	774	1
RU7_PjDHFR	775	1
RU7_PjDHFR	776	1
RU7_PjDHFR	777	1
RU7_PjDHFR	778	1
RU7_PjDHFR	779	1
RU7_PjDHFR	780	1
RU7_PjDHFR	781	1
RU7_PjDHFR	782	1
RU7_PjDHFR	783	1
RU7_PjDHFR	784	1
RU7_PjDHFR	785	1
RU7_PjDHFR	786	1
RU7_PjDHFR	787	1
RU7_PjDHFR	788	1
RU7_PjDHFR	789	1
RU7_PjDHFR	790	1
RU7_PjDHFR	791	1
RU7_PjDHFR	792	1
RU7_PjDHFR	793	1
RU7_PjDHFR	794	1
RU7_PjDHFR	795	1
RU7_PjDHFR	796	1
RU7_PjDHFR	797	1
RU7_PjDHFR	798	1
RU7_PjDHFR	799	1
RU7_PjDHFR	800	1
RU7_PjDHFR	801	1
RU7_PjDHFR	802	1
RU7_PjDHFR	803	1
RU7_PjDHFR	804	1
RU7_PjDHFR	805	1
RU7_PjDHFR	806	1
RU7_PjDHFR	807	1
RU7_PjDHFR	808	1
RU7_PjDHFR	809	1
RU7_PjDHFR	810	1
RU7_PjDHFR	811	1
RU7_PjDHFR	812	1
RU7_PjDHFR	813	1
RU7_PjDHFR	814	1
RU7_PjDHFR	815	1
RU7_PjDHFR	816	1
RU7_PjDHFR	817	1
RU7_PjDHFR	818	1
RU7_PjDHFR	819	1
RU7_PjDHFR	820	1
RU7_PjDHFR	821	1
RU7_PjDHFR	822	1
RU7_PjDHFR	823	1
RU7_PjDHFR	824	1
RU7_PjDHFR	825	1
RU7_PjDHFR	826	1
RU7_PjDHFR	827	1
RU7_PjDHFR	828	1
RU7_PjDHFR	829	1
RU7_PjDHFR	830	1
RU7_PjDHFR	831	1
RU7_PjDHFR	832	1
RU7_PjDHFR	833	1
RU7_PjDHFR	834	1
RU7_PjDHFR	835	1
RU7_PjDHFR	836	1
RU7_PjDHFR	837	1
RU7_PjDHFR	838	1
RU7_PjDHFR	839	1
RU7_PjDHFR	840	1
RU7_PjDHFR	841	1
RU7_PjDHFR	842	1
RU7_PjDHFR	843	1
RU7_PjDHFR	844	1
RU7_PjDHFR	845	1
RU7_PjDHFR	846	1
RU7_PjDHFR	847	1
RU7_PjDHFR	848	1
RU7_PjDHFR	849	1
RU7_PjDHFR	850	1
RU7_PjDHFR	851	1
RU7_PjDHFR	852	1
RU7_PjDHFR	853	1
RU7_PjDHFR	854	1
RU7_PjDHFR	855	1
RU7_PjDHFR	856	1
RU7_PjDHFR	857	1
RU7_PjDHFR	858	1
RU7_PjDHFR	859	1
RU7_PjDHFR	860	1
RU7_PjDHFR	861	1
RU7_PjDHFR	862	1
RU7_PjDHFR	863	1
RU7_PjDHFR	864	1
RU7_PjDHFR	865	1
RU7_PjDHFR	866	1
RU7_PjDHFR	867	1
RU7_PjDHFR	868	1
RU7_PjDHFR	869	1
RU7_PjDHFR	870	1
RU7_PjDHFR	871	1
RU7_PjDHFR	872	1
RU7_PjDHFR	873	1
RU7_PjDHFR	874	1
RU7_PjDHFR	875	1
RU7_PjDHFR	876	1
RU7_PjDHFR	877	1
RU7_PjDHFR	878	1
RU7_PjDHFR	879	1
RU7_PjDHFR	880	1
RU7_PjDHFR	881	1
RU7_PjDHFR	882	1
RU7_PjDHFR	883	1
RU7_PjDHFR	884	1
RU7_PjDHFR	885	1
RU7_PjDHFR	886	1
RU7_PjDHFR	887	1
RU7_PjDHFR	888	1
RU7_PjDHFR	889	1
RU7_PjDHFR	890	1
RU7_PjDHFR	891	1
RU7_PjDHFR	892	1
RU7_PjDHFR	893	1
RU7_PjDHFR	894	1
RU7_PjDHFR	895	1
RU7_PjDHFR	896	1
RU7_PjDHFR	897	1
RU7_PjDHFR	898	1
RU7_PjDHFR	899	1
RU7_PjDHFR	900	1
RU7_PjDHFR	901	1
RU7_PjDHFR	902	1
RU7_PjDHFR	903	1
RU7_PjDHFR	904	1
RU7_PjDHFR	905	1
RU7_PjDHFR	906	1
RU7_PjDHFR	907	1
RU7_PjDHFR	908	1
RU7_PjDHFR	909	1
RU7_PjDHFR	910	1
RU7_PjDHFR	911	1
RU7_PjDHFR	912	1
RU7_PjDHFR	913	1
RU7_PjDHFR	914	1
RU7_PjDHFR	915	1
RU7_PjDHFR	916	1
RU7_PjDHFR	917	1
RU7_PjDHFR	918	1
RU7_PjDHFR	919	1
RU7_PjDHFR	920	1
RU7_PjDHFR	921	1
RU7_PjDHFR	922	1
RU7_PjDHFR	923	1
RU7_PjDHFR	924	1
RU7_PjDHFR	925	1
RU7_PjDHFR	926	1
RU7_PjDHFR	927	1
RU7_PjDHFR	928	1
RU7_PjDHFR	929	1
RU7_PjDHFR	930	1
RU7_PjDHFR	931	1
RU7_PjDHFR	932	1
RU7_PjDHFR	933	1
RU7_PjDHFR	934	1
RU7_PjDHFR	935	1
RU7_PjDHFR	936	1
RU7_PjDHFR	937	1
RU7_PjDHFR	938	1
RU7_PjDHFR	939	1
RU7_PjDHFR	940	1
RU7_PjDHFR	941	1
RU7_PjDHFR	942	1
RU7_PjDHFR	943	1
RU7_PjDHFR	944	1
RU7_PjDHFR	945	1
RU7_PjDHFR	946	1
RU7_PjDHFR	947	1
RU7_PjDHFR	948	1
RU7_PjDHFR	949	1
RU7_PjDHFR	950	1
RU7_PjDHFR	951	1
RU7_PjDHFR	952	1
RU7_PjDHFR	953	1
RU7_PjDHFR	954	1
RU7_PjDHFR	955	1
RU7_PjDHFR	956	1
RU7_PjDHFR	957	1
RU7_PjDHFR	958	1
RU7_PjDHFR	959	1
RU7_PjDHFR	960	1
RU7_PjDHFR	961	1
RU7_PjDHFR	962	1
RU7_PjDHFR	963	1
RU7_PjDHFR	964	1
RU7_PjDHFR	965	1
RU7_PjDHFR	966	1
RU7_PjDHFR	967	1
RU7_PjDHFR	968	1
RU7_PjDHFR	969	1
RU7_PjDHFR	970	1
RU7_PjDHFR	971	1
RU7_PjDHFR	972	1
RU7_PjDHFR	973	1
RU7_PjDHFR	974	1
RU7_PjDHFR	975	1
RU7_PjDHFR	976	1
RU7_PjDHFR	977	1
RU7_PjDHFR	978	1
RU7_PjDHFR	979	1
RU7_PjDHFR	980	1
RU7_PjDHFR	981	1
RU7_PjDHFR	982	1
RU7_PjDHFR	983	1
RU7_PjDHFR	984	1
RU7_PjDHFR	985	1
RU7_PjDHFR	986	1
RU7_PjDHFR	987	1
RU7_PjDHFR	988	1
RU7_PjDHFR	989	1
RU7_PjDHFR	990	1
RU7_PjDHFR	991	1
RU7_PjDHFR	992	1
RU7_PjDHFR	993	1
RU7_PjDHFR	994	1
RU7_PjDHFR	995	1
RU7_PjDHFR	996	1
RU7_PjDHFR	997	1
RU7_PjDHFR	998	1
RU7_PjDHFR	999	1
RU7_PjDHFR	1000	1
RU7_PjDHFR	1001	1
RU7_PjDHFR	1002	1
RU7_PjDHFR	1003	1
RU7_PjDHFR	1004	1
RU7_PjDHFR	1005	1
RU7_PjDHFR	1006	1
RU7_PjDHFR	1007	1
RU7_PjDHFR	1008	1
RU7_PjDHFR	1009	1
RU7_PjDHFR	1010	1
RU7_PjDHFR	1011	1
RU7_PjDHFR	1012	1
RU7_PjDHFR	1013	1
RU7_PjDHFR	1014	1
RU7_PjDHFR	1015	1
RU7_PjDHFR	1016	1
RU7_PjDHFR	1017	1
RU7_PjDHFR	1018	1
RU7_PjDHFR	1019	1
RU7_PjDHFR	1020	1
RU7_PjDHFR	1021	1
RU7_PjDHFR	1022	1
RU7_PjDHFR	1023	1
RU7_PjDHFR	1024	1
RU7_PjDHFR	1025	1
RU7_PjDHFR	1026	1
RU7_PjDHFR	1027	1
RU7_PjDHFR	1028	1
RU7_PjDHFR	1029	1
RU7_PjDHFR	1030	1
RU7_PjDHFR	1031	1
RU7_PjDHFR	1032	1
RU7_PjDHFR	1033	1
RU7_PjDHFR	1034	1
RU7_PjDHFR	1035	1
RU7_PjDHFR	1036	1
RU7_PjDHFR	1037	1
RU7_PjDHFR	1038	1
RU7_PjDHFR	1039	1
RU7_PjDHFR	1040	1
RU7_PjDHFR	1041	1
RU7_PjDHFR	1042	1
RU7_PjDHFR	1043	1
RU7_PjDHFR	1044	1
RU7_PjDHFR	1045	1
RU7_PjDHFR	1046	1
RU7_PjDHFR	1047	1
RU7_PjDHFR	1048	1
RU7_PjDHFR	1049	1
RU7_PjDHFR	1050	1
RU7_PjDHFR	1051	1
RU7_PjDHFR	1052	1
RU7_PjDHFR	1053	1
RU7_PjDHFR	1054	1
RU7_PjDHFR	1055	1
RU7_PjDHFR	1056	1
RU7_PjDHFR	1057	1
RU7_PjDHFR	1058	1
RU7_PjDHFR	1059	1
RU7_PjDHFR	1060	1
RU7_PjDHFR	1061	1
RU7_PjDHFR	1062	1
RU7_PjDHFR	1063	1
RU7_PjDHFR	1064	1
RU7_PjDHFR	1065	1
RU7_PjDHFR	1066	1
RU7_PjDHFR	1067	1
RU7_PjDHFR	1068	1
RU7_PjDHFR	1069	1
RU7_PjDHFR	1070	1
RU7_PjDHFR	1071	1
RU7_PjDHFR	1072	1
RU7_PjDHFR	1073	1
RU7_PjDHFR	1074	1
RU7_PjDHFR	1075	1
RU7_PjDHFR	1076	1
RU7_PjDHFR	1077	1
